time_step,pred_velocity,actual_velocity,pred_pressure,actual_pressure,error_velocity,error_pressure
101.0,0.2777822092350266,0.2774213506738854,0.9635496232131574,0.9637440636113556,0.0003608585611412085,0.00019444039819815906
102.0,0.27786542712072637,0.2777035931828555,0.9635281916874717,0.9637325598593371,0.00016183393787089217,0.0002043681718654211
103.0,0.27984375407907486,0.2803775322090391,0.9629965147691303,0.9628583856759242,0.0005337781299642463,0.00013812909320609634
104.0,0.281591926258137,0.282831637734294,0.9621502422643654,0.9620111078063224,0.0012397114761569794,0.00013913445804303315
105.0,0.28365198613067033,0.2839663798363105,0.9616003307978275,0.9614502353790222,0.0003143937056401813,0.00015009541880528499
106.0,0.2876864442574847,0.288248115465348,0.9601126116102163,0.96014584156553,0.0005616712078633235,3.322995531362949e-05
107.0,0.28943931330444267,0.2899187073733364,0.9596003446839795,0.9594635473546256,0.0004793940688937459,0.00013679732935389932
108.0,0.28947574715453683,0.2890656213114301,0.9595909835142328,0.95987201291932,0.0004101258431067345,0.00028102940508722973
109.0,0.2933814950537472,0.2929695379688173,0.9581580352844284,0.9584607982574536,0.0004119570849299148,0.0003027629730251169
110.0,0.2935231472402799,0.2936336251320482,0.9581026636821862,0.9580759974100505,0.00011047789176832357,2.666627213576689e-05
111.0,0.2924887213285294,0.293195015324997,0.9583592479900722,0.9581468410972368,0.0007062939964675996,0.00021240689283541503
112.0,0.2921030484738536,0.2928451876977367,0.9582810579328855,0.9580368234349104,0.0007421392238831093,0.00024423449797517094
113.0,0.2901780384969189,0.2915468595789018,0.9587694365312823,0.9583812489859236,0.001368821081982885,0.00038818754535874245
114.0,0.2901780384969189,0.2906297328046319,0.9587694365312822,0.9586202717791572,0.0004516943077129687,0.00014916475212500835
115.0,0.290178038496919,0.2910082521734021,0.9587694365312823,0.9585331589134474,0.0008302136764831158,0.00023627761783495682
116.0,0.28913550405968236,0.289227191065968,0.9590950991675284,0.9590700471658248,9.168700628564563e-05,2.505200170366262e-05
117.0,0.28832388303801154,0.2890527324380689,0.9591730045781162,0.9588881065457328,0.000728849400057352,0.00028489803238340716
118.0,0.28887607217580624,0.2883152016057858,0.9590284521363566,0.9592120119916973,0.0005608705700204664,0.00018355985534068697
119.0,0.28804215857408766,0.287563678194326,0.959249437798376,0.9592897016744636,0.0004784803797616699,4.02638760875762e-05
120.0,0.2844577720917715,0.2843292882542898,0.9603262011829231,0.9602488657611408,0.00012848383748165215,7.733542178234298e-05
121.0,0.2801961658236647,0.280483528732964,0.9617149022415105,0.961459411469874,0.00028736290929931574,0.0002554907716364463
122.0,0.27847418564884147,0.2786317886480238,0.9623046642863103,0.96207872778666,0.0001576029991823269,0.00022593649965030327
123.0,0.2768553100039688,0.2757393192911315,0.9628018517532559,0.9630173923390164,0.0011159907128373003,0.0002155405857604542
124.0,0.2772410910031788,0.2767780301405291,0.9626608422820404,0.9625445954597756,0.00046306086264968904,0.00011624682226485383
125.0,0.27078592425439785,0.2715851183084328,0.9649851844386167,0.9643326611104194,0.0007991940540349463,0.0006525233281973186
126.0,0.27095228421106976,0.2712224029339354,0.964947665437005,0.9645221964716112,0.0002701187228656421,0.00042546896539386037
127.0,0.26934997891427254,0.2699142688954384,0.9650827194996172,0.964917600416599,0.0005642899811658664,0.00016511908301819478
128.0,0.26609327419024636,0.2660318118929796,0.966411001767898,0.966067858083166,6.146229726677888e-05,0.00034314368473198353
129.0,0.26600833726910084,0.2645367704074113,0.9664202339635917,0.9664183297847816,0.0014715668616895328,1.9041788100748747e-06
130.0,0.2618147301253752,0.2621702345992204,0.9674025849728646,0.9672815494333016,0.0003555044738451918,0.00012103553956299695
131.0,0.26188686734669026,0.2610975071548795,0.9674180732707436,0.9676005915822666,0.0007893601918107507,0.00018251831152304998
132.0,0.25833034234010005,0.2584433588201917,0.9685679208145046,0.9684400384537032,0.00011301648009165444,0.00012788236080141235
133.0,0.25790589386789115,0.2578778567624359,0.9687303893862016,0.9686975355393472,2.803710545523641e-05,3.2853846854363766e-05
134.0,0.25411554442863515,0.2538960467166909,0.9698266534722576,0.9697437275594192,0.00021949771194423873,8.292591283842743e-05
135.0,0.25620180397511033,0.2558943403096624,0.9692602164806853,0.969374106969291,0.0003074636654479268,0.00011389048860577233
136.0,0.25411554442863515,0.2536268853978001,0.9698266534722576,0.9699168622789652,0.0004886590308350591,9.020880670762566e-05
137.0,0.2561122855382875,0.2562336119841616,0.969405665449261,0.9694217160906314,0.00012132644587409258,1.6050641370446428e-05
138.0,0.25681073254216963,0.2562080045689485,0.9693841028669787,0.969515463663616,0.0006027279732211399,0.00013136079663722544
139.0,0.2537556974080835,0.2530059230031614,0.9702395279307896,0.9703876767561436,0.0007497744049221322,0.00014814882535396645
140.0,0.25615839226855625,0.2554751768696673,0.9694152406578368,0.9696859082986236,0.0006832153988889367,0.0002706676407867592
141.0,0.25645616543611605,0.2575686687430906,0.969563728546699,0.9692828338866374,0.0011125033069745438,0.000280894660061648
142.0,0.2569698977712633,0.2575467432604323,0.969470012590009,0.9693510625778816,0.0005768454891690311,0.00011895001212736123
143.0,0.25991032052003865,0.2604319882923001,0.9685964155237713,0.9685258449432176,0.0005216677722614249,7.057058055370824e-05
144.0,0.2599071171089645,0.2608802522959387,0.9686024252734725,0.9684210879504545,0.0009731351869741722,0.00018133732301806038
145.0,0.2627846524919464,0.2618699948125999,0.9679921304733352,0.9683524959713052,0.0009146576793464534,0.0003603654979700277
146.0,0.2629477084104897,0.264535211431469,0.9676824389183619,0.9674183821409614,0.0015875030209793195,0.00026405677740048983
147.0,0.26624271882607237,0.267262458597797,0.9669775738380574,0.9667225035888825,0.0010197397717246481,0.0002550702491749268
148.0,0.268707895958881,0.2685871566954715,0.9663904281222874,0.9664472840851082,0.00012073926340949725,5.685596282078986e-05
149.0,0.27331281931256834,0.2735372767603117,0.9649550296746199,0.9650413013755476,0.00022445744774335363,8.627170092767589e-05
150.0,0.2744359597909188,0.2739939296067747,0.9645819364399695,0.964708403813062,0.000442030184144071,0.00012646737309252032
151.0,0.275108797822017,0.2770086099520467,0.9643101322912245,0.9639227834748124,0.0018998121300296544,0.00038734881641211416
152.0,0.279220063500821,0.2800769410387803,0.9631329876882941,0.9628654178736497,0.0008568775379592664,0.00026756981464448604
153.0,0.2798437540790748,0.2809394766073477,0.9629965147691303,0.9627324154140938,0.001095722528272891,0.0002640993550364623
154.0,0.28365198613067033,0.2830296520199259,0.9616003307978275,0.9618335512232352,0.0006223341107444158,0.00023322042540774302
155.0,0.28393608122138453,0.2846962713301494,0.9615720514197207,0.9613888753057483,0.0007601901087648799,0.00018317611397233868
156.0,0.2876057952070035,0.2885559225869895,0.9601431300279846,0.960098364954408,0.0009501273799859544,4.476507357653592e-05
157.0,0.2907408550746553,0.2907199816888181,0.9592106575619919,0.9594038115333368,2.0873385837227865e-05,0.00019315397134489487
158.0,0.2896569431366046,0.2895585388021647,0.9595088292892919,0.9595486458995252,9.840433443991659e-05,3.981661023322314e-05
159.0,0.29334252370849095,0.2929718450076039,0.9581426865297918,0.9582466943789144,0.00037067870088702826,0.00010400784912256711
160.0,0.29249350018335574,0.2923313566180714,0.9583541037295271,0.958394936491068,0.00016214356528432283,4.083276154087656e-05
161.0,0.2943643277155171,0.2945404755621401,0.9575655635536029,0.9576780368843688,0.0001761478466229538,0.00011247333076591648
162.0,0.2921030484738536,0.2937697808896776,0.9582810579328854,0.9577323312610488,0.0016667324158239905,0.0005487266718365857
163.0,0.29225956080710397,0.2930355240796507,0.958188734216938,0.9579367427048022,0.0007759632725467536,0.0002519915121357297
164.0,0.2922227293401615,0.2931100283966159,0.9581930504036648,0.9578937182005808,0.0008872990564543493,0.00029933220308397956
165.0,0.2925155073597756,0.2920277487961963,0.958066156652758,0.9581546349836868,0.00048775856357929914,8.847833092884283e-05
166.0,0.28913550405968236,0.2893363402344054,0.9590950991675284,0.9590958605040916,0.00020083617472305137,7.613365631264912e-07
167.0,0.2901558734201841,0.2901114805992305,0.9587753115704362,0.9587130577604388,4.439282095364261e-05,6.225380999735908e-05
168.0,0.2869067976130234,0.286307888974397,0.9597452593871769,0.9599113570096076,0.0005989086386263831,0.00016609762243069426
169.0,0.2887063829343446,0.2882004865890366,0.959139527972968,0.9592950197524244,0.0005058963453080101,0.00015549177945639592
170.0,0.2824211074273952,0.2824892805689039,0.9612323069587747,0.9609510998891964,6.817314150869835e-05,0.0002812070695783486
171.0,0.2824430664358802,0.2823743486763763,0.9612261637369166,0.9610076515392748,6.871775950390013e-05,0.00021851219764179586
172.0,0.27847418564884147,0.277930316652709,0.9623046642863103,0.96222541817032,0.0005438689961324572,7.924611599030573e-05
173.0,0.2784837797758859,0.2789523713366885,0.9623103043659731,0.9620303610769122,0.00046859156080258924,0.00027994328906089105
174.0,0.2772410910031788,0.2764687021311073,0.9626608422820404,0.9627693585695686,0.0007723888720714833,0.00010851628752817088
175.0,0.2747436555203949,0.2743563131663666,0.9636292370331551,0.9635067126097444,0.0003873423540283194,0.00012252442341065262
176.0,0.2730893304229346,0.2721306559712837,0.9639339849694867,0.9642345024945018,0.0009586744516508761,0.0003005175250151426
177.0,0.2692086373545747,0.2692380174118565,0.9651023044341184,0.9650902996901431,2.93800572818137e-05,1.2004743975224663e-05
178.0,0.26634453862876883,0.2664434918609977,0.9658711623450642,0.9657909212127072,9.895323222885999e-05,8.024113235705066e-05
179.0,0.26168740897650933,0.2618534595625358,0.9674008625749779,0.9673095228532974,0.00016605058602647826,9.133972168051674e-05
180.0,0.2594757605707516,0.2599330932334201,0.9681255402132148,0.9679838191125676,0.00045733266266850814,0.00014172110064725185
181.0,0.25934251830874133,0.2597240298330113,0.968071130577763,0.9679536126432036,0.0003815115242699618,0.00011751793455938575
182.0,0.25911851251640244,0.2589439564665836,0.9682618930914987,0.9683577270542606,0.00017455604981886363,9.583396276191536e-05
183.0,0.25790589386789115,0.2579850686102562,0.9687303893862016,0.9686414331984172,7.917474236507349e-05,8.895618778437253e-05
184.0,0.2558190992087462,0.2565011640772195,0.9693043707504424,0.9691019159930684,0.000682064868473331,0.00020245475737401541
185.0,0.25411554442863515,0.2545391174179254,0.9698266534722576,0.9696265809907788,0.000423572989290244,0.00020007248147879686
186.0,0.2539081104550888,0.2535478754974185,0.9699586500265777,0.9701024543342808,0.00036023495767034674,0.00014380430770311037
187.0,0.2539081104550888,0.2551277917264429,0.9699586500265777,0.96965307934441,0.0012196812713540783,0.00030557068216763295
188.0,0.2561122855382875,0.2556099511706761,0.969405665449261,0.9695883342315208,0.0005023343676114345,0.00018266878225980943
189.0,0.25485119063127093,0.254547425622879,0.9699490223658894,0.9700421573441164,0.0003037650083919097,9.313497822693861e-05
190.0,0.2564586518792281,0.2572441921163828,0.969576277216294,0.9693904764101032,0.0007855402371546583,0.00018580080619079453
191.0,0.2550515866096681,0.255640592848108,0.9699128035098842,0.9698772492420936,0.000589006238439882,3.55542677905607e-05
192.0,0.25861829762598826,0.2590432950107563,0.9690213950380262,0.9689105887821222,0.0004249973847680333,0.00011080625590398352
193.0,0.2569698977712633,0.2577063666248802,0.9694700125900091,0.9693465451850812,0.000736468853616945,0.00012346740492785724
194.0,0.26000457682746514,0.2605751263671839,0.9685853631266028,0.9685278652182266,0.0005705495397187454,5.7497908376169526e-05
195.0,0.2629477084104897,0.2641052386857234,0.967682438918362,0.9676092233700102,0.001157530275233687,7.321554835182376e-05
196.0,0.26292798673096046,0.2647775612781006,0.9677316026629724,0.9675700666380892,0.0018495745471401315,0.00016153602488322427
197.0,0.26667127903540844,0.2673551037847252,0.9669005094862954,0.9667520042693298,0.0006838247493167748,0.0001485052169655221
198.0,0.2681234339082552,0.2690473613736666,0.9663420914394881,0.9661632220279908,0.0009239274654113672,0.00017886941149736213
199.0,0.2712507891291619,0.2715335136050424,0.9655557374153989,0.9655911078593792,0.00028272447588051364,3.5370443980276e-05
200.0,0.2743909266238686,0.2734939545777163,0.9645971417703069,0.9649564065799736,0.0008969720461523001,0.00035926480966674834
201.0,0.2777280120311183,0.2780440532678151,0.9635580747375174,0.9635061468297016,0.00031604123669681794,5.192790781582968e-05
202.0,0.27984375407907486,0.2802014647420458,0.9629965147691303,0.9629047918994648,0.000357710662970967,9.172286966552257e-05
203.0,0.2861241927287687,0.2858202210922073,0.9608722630856594,0.9610070828658088,0.00030397163656142867,0.00013481978014939777
204.0,0.28947574715453683,0.2890430539430904,0.9595909835142328,0.9599500569783956,0.00043269321144645545,0.00035907346416286234
205.0,0.28947574715453683,0.2890886904103395,0.9595909835142328,0.959970478047985,0.0003870567441973116,0.00037949453375218933
206.0,0.294315526511545,0.2944657630119349,0.9576135430105067,0.957977003414478,0.00015023650038986647,0.000363460403971283
207.0,0.2933814950537472,0.2943624477406842,0.9581580352844284,0.9581247069378964,0.0009809526869369867,3.332834653202443e-05
208.0,0.294315526511545,0.2970755812123912,0.9576135430105066,0.9571074330150864,0.0027600547008461707,0.0005061099954202231
209.0,0.29430947760106796,0.2985867410300375,0.9576099649079832,0.9564489951439832,0.004277263428969558,0.0011609697640000416
210.0,0.29439571687123683,0.3032385159810841,0.9575754292421604,0.9548118481452076,0.008842799109847255,0.0027635810969528496
211.0,0.29436910657034343,0.3015299151223647,0.9575604192930578,0.9552629657454752,0.0071608085520212805,0.0022974535475825952
212.0,0.2942855418314921,0.3030135304815558,0.9575220467439277,0.9545303713185366,0.008727988650063745,0.002991675425391138
213.0,0.2943691065703435,0.306612961363062,0.9575604192930579,0.9534328835949089,0.0122438547927185,0.004127535698149054
214.0,0.2941480246528282,0.3054734040565542,0.957487636374308,0.9534890587174846,0.011325379403726021,0.003998577656823432
215.0,0.2941007001433095,0.306333654063907,0.9575054921799765,0.9532715465390068,0.012232953920597478,0.004233945640969683
216.0,0.2941480246528282,0.3060647576810745,0.9574876363743079,0.953204291225635,0.011916733028246307,0.004283345148672901
217.0,0.2941480246528282,0.3042444351094031,0.957487636374308,0.9538467911829864,0.010096410456574889,0.0036408451913215734
218.0,0.2941480246528282,0.305370287215317,0.957487636374308,0.953238443797796,0.011222262562488816,0.0042491925765120175
219.0,0.2941480246528282,0.3047878121636175,0.957487636374308,0.9534674445476709,0.010639787510789311,0.004020191826637154
220.0,0.29414802465282824,0.3049943813461984,0.9574876363743079,0.9533981438706076,0.01084635669337014,0.004089492503700276
221.0,0.2941480246528282,0.3035546227303367,0.957487636374308,0.953702856558948,0.009406598077508488,0.003784779815359962
222.0,0.2941480246528282,0.3007570591167836,0.957487636374308,0.9548776578284262,0.006609034463955388,0.0026099785458818525
223.0,0.2941480246528282,0.300602102927355,0.957487636374308,0.95478074151026,0.00645407827452682,0.0027068948640479595
224.0,0.2941480246528282,0.2976791158071104,0.9574876363743079,0.9556217404968748,0.0035310911542821843,0.0018658958774331325
225.0,0.29414802465282824,0.2974701985296147,0.957487636374308,0.9557569845564436,0.0033221738767864606,0.0017306518178643593
226.0,0.2941480246528282,0.2940582745526314,0.957487636374308,0.956900892677004,8.975010019679486e-05,0.0005867436973040485
227.0,0.2941480246528282,0.2960044018871285,0.957487636374308,0.9564889196272798,0.0018563772343003215,0.0009987167470282277
228.0,0.2924933422830408,0.2924178917919903,0.9580720316919118,0.9576826753595168,7.545049105051049e-05,0.0003893563323950078
229.0,0.2941480246528282,0.2933379981358459,0.957487636374308,0.9572286291075875,0.0008100265169823095,0.0002590072667204568
230.0,0.2880850513926579,0.2893935035233528,0.9592452970093049,0.9587403693780648,0.0013084521306949148,0.0005049276312401041
231.0,0.2896349954045536,0.2909584282971284,0.9588940530585321,0.9582592556533144,0.0013234328925748051,0.0006347974052177685
232.0,0.2898031740179481,0.2907358602084692,0.9588823801900418,0.9584337933069652,0.0009326861905211148,0.0004485868830765849
233.0,0.2887242609283093,0.2888639827333072,0.9591097883738254,0.9590473990411664,0.00013972180499793874,6.238933265900748e-05
234.0,0.28913550405968236,0.2878426031770921,0.9590950991675284,0.959551620712138,0.0012929008825902644,0.00045652154460951166
235.0,0.28913550405968236,0.2887822466718608,0.9590950991675284,0.959292138716808,0.00035325738782154836,0.00019703954927952072
236.0,0.29015764207710515,0.2911636538328289,0.9587962053204151,0.9586220582515984,0.0010060117557237347,0.00017414706881668796
237.0,0.29015782419570635,0.2901765158166653,0.958786048856308,0.9589051349783738,1.8691620958966038e-05,0.00011908612206579239
238.0,0.29014631485020326,0.2918709651487811,0.9587925743310831,0.9583587749410633,0.0017246502985778234,0.00043379939001986223
239.0,0.29249350018335574,0.2925867560749891,0.9583541037295271,0.958314868006556,9.325589163333703e-05,3.923572297115374e-05
240.0,0.29346375800315444,0.2922756598570769,0.9581238183143708,0.9585386533607352,0.0011880981460775653,0.0004148350463644146
241.0,0.29445629399396667,0.294916633166339,0.9575462079827932,0.957600659273283,0.0004603391723723149,5.445129048975428e-05
242.0,0.294315526511545,0.2988134491022847,0.9576135430105066,0.9565706311709856,0.004497922590739667,0.001042911839520988
243.0,0.294315526511545,0.3014437797042598,0.9576135430105066,0.9555926573223726,0.007128253192714762,0.0020208856881339665
244.0,0.294315526511545,0.3020600070666805,0.9576135430105067,0.9555873589634778,0.007744480555135491,0.0020261840470289227
245.0,0.29431552651154497,0.30820753024515,0.9576135430105066,0.9532992072276444,0.013892003733605052,0.004314335782862222
246.0,0.294315526511545,0.3097334030634914,0.9576135430105067,0.952839681520872,0.015417876551946375,0.0047738614896347675
247.0,0.29431552651154497,0.312281665864804,0.9576135430105067,0.9520295323059232,0.017966139353259025,0.005584010704583475
248.0,0.294315526511545,0.3163241491168531,0.9576135430105067,0.9504941329614928,0.02200862260530806,0.007119410049013952
249.0,0.31393096447664265,0.3192929194358906,0.9513613294777433,0.949457352829272,0.005361954959247961,0.001903976648471306
250.0,0.31393096447664265,0.3217585909221765,0.9513613294777433,0.9486671703482572,0.007827626445533864,0.002694159129486118
251.0,0.31393096447664265,0.3245842746244257,0.9513613294777433,0.9476972777626071,0.010653310147783035,0.003664051715136174
252.0,0.31393096447664265,0.3300515093718992,0.9513613294777433,0.9454878357146872,0.01612054489525655,0.005873493763056126
253.0,0.3144564872994089,0.3329706901730488,0.9511617275629674,0.94421278270925,0.018514202873639918,0.0069489448537173315
254.0,0.31393096447664265,0.3346062025561134,0.9513613294777433,0.943603542812424,0.020675238079470748,0.007757786665319344
255.0,0.3304554053073204,0.3404064205851743,0.945168700698958,0.9411142880410902,0.009951015277853859,0.0040544126578677675
256.0,0.3305011814918706,0.3429088905054488,0.9451549149277548,0.9401468067265168,0.012407709013578239,0.005008108201237982
257.0,0.3301870223372362,0.3438745888567727,0.9452524698279415,0.9395814403141176,0.01368756651953651,0.005671029513823922
258.0,0.33015513095959437,0.3461192365062822,0.9452551433552869,0.9384618938917938,0.015964105546687812,0.006793249463493134
259.0,0.33015513095959437,0.3505518459381078,0.9452551433552868,0.936638353930493,0.02039671497851342,0.008616789424793825
260.0,0.34855574419005714,0.3534612827721769,0.9374977964913315,0.9354860356610794,0.004905538582119784,0.0020117608302521184
261.0,0.3481124832468747,0.3548638478391425,0.9376801504874619,0.9345507529678302,0.006751364592267772,0.0031293975196317048
262.0,0.3481124832468747,0.3549452964322903,0.9376801504874619,0.9344185804594288,0.006832813185415565,0.0032615700280330673
263.0,0.3481124832468747,0.3534890730816509,0.9376801504874619,0.9349406348891888,0.00537658983477618,0.0027395155982731234
264.0,0.3481124832468747,0.3571380904735503,0.9376801504874618,0.9333874077607476,0.009025607226675558,0.004292742726714205
265.0,0.3481124832468747,0.3558574033311217,0.9376801504874619,0.9336356137370452,0.007744920084246987,0.004044536750416716
266.0,0.3481124832468746,0.358067100169993,0.9376801504874619,0.9327868059657252,0.009954616923118387,0.004893344521736731
267.0,0.3481124832468747,0.3558652133701337,0.9376801504874619,0.9334696413495488,0.007752730123259,0.004210509137913099
268.0,0.3481124832468747,0.3562289243005256,0.9376801504874619,0.9332737343220988,0.008116441053650891,0.004406416165363081
269.0,0.3481124832468746,0.3536937394038808,0.9376801504874619,0.9343191162151162,0.00558125615700622,0.0033610342723456865
270.0,0.3481124832468747,0.3515976761232909,0.9376801504874619,0.9351054092859868,0.0034851928764161877,0.0025747412014750504
271.0,0.3481124832468747,0.3514746303154749,0.9376801504874619,0.9350764109307508,0.003362147068600163,0.0026037395567111155
272.0,0.3481124832468747,0.349279864017908,0.9376801504874618,0.9361289884016982,0.0011673807710332884,0.0015511620857635577
273.0,0.3481124832468747,0.3506252940622739,0.9376801504874619,0.9352917560873332,0.002512810815399169,0.002388394400128724
274.0,0.3481124832468747,0.3497575676678884,0.9376801504874619,0.9357668581786412,0.0016450844210136872,0.0019132923088206466
275.0,0.3468270265116455,0.3465459461996373,0.9382089770762395,0.9370308592713182,0.00028108031200818617,0.0011781178049212748
276.0,0.3468270265116455,0.3469087720820654,0.9382089770762395,0.9370000810784612,8.174557041989994e-05,0.001208895997778292
277.0,0.34452401439911406,0.3421534087339596,0.9392822305442692,0.939073391194605,0.002370605665154457,0.0002088393496642027
278.0,0.3450167945524943,0.344104815354762,0.9390413232356062,0.9381655292171532,0.0009119791977322822,0.0008757940184529467
279.0,0.34452401439911406,0.3425978585086098,0.9392822305442691,0.9388757920127364,0.0019261558905042664,0.0004064385315326602
280.0,0.3435661036024927,0.3393074596356651,0.9396887432252293,0.940167215404185,0.004258643966827569,0.00047847217895569116
281.0,0.34307343885549657,0.3382183014916058,0.9399024384511578,0.9408473803256566,0.00485513736389076,0.0009449418744987836
282.0,0.34307343885549657,0.3369931792085602,0.9399024384511577,0.9412250797730116,0.00608025964693637,0.0013226413218538902
283.0,0.34052830714139953,0.3368336942684609,0.9409989575189474,0.9414664470920764,0.003694612872938652,0.00046748957312903183
284.0,0.3405283071413996,0.3363079437407008,0.9409989575189474,0.9419100630463536,0.004220363400698812,0.000911105527406253
285.0,0.34307343885549657,0.3381543500227754,0.9399024384511578,0.9410016710658756,0.004919088832721186,0.0010992326147177822
286.0,0.34307343885549657,0.3376246038318162,0.9399024384511577,0.9415148319415628,0.005448835023680376,0.0016123934904050952
287.0,0.34307343885549657,0.3381204120042758,0.9399024384511577,0.9414192998091144,0.0049530268512207876,0.0015168613579567003
288.0,0.34452401439911406,0.3417062715973014,0.9392822305442692,0.9400222346394476,0.0028177428018126838,0.0007400040951783815
289.0,0.34452401439911406,0.3426223011541742,0.9392822305442692,0.9398199014326792,0.0019017132449398733,0.0005376708884100578
290.0,0.3450167945524943,0.3452001860999234,0.9390413232356062,0.9387557638475112,0.00018339154742913477,0.00028555938809493586
291.0,0.3459282989926053,0.3468304929427749,0.9386237526267636,0.9382188480807934,0.0009021939501696052,0.0004049045459701972
292.0,0.3434974898651982,0.3474389398117596,0.9397695318514521,0.9382353525131426,0.003941449946561426,0.0015341793383094604
293.0,0.3472287531804044,0.3502851598144722,0.9381028048705027,0.9369547218067434,0.0030564066340678098,0.001148083063759242
294.0,0.34169503119378597,0.3515472261242653,0.9404761017816218,0.9366608735238188,0.009852194930479341,0.003815228257803005
295.0,0.3444718125267688,0.3571122491429486,0.9392898702505721,0.9342772050453338,0.012640436616179807,0.0050126652052382425
296.0,0.33983522281952744,0.3605790116503646,0.9412946700551876,0.93291875531894,0.020743788830837162,0.008375914736247658
297.0,0.35913290042781887,0.3631588906963923,0.9331975897707839,0.9318555178513837,0.004025990268573421,0.0013420719194002784
298.0,0.3589563551155727,0.3647770449954499,0.9332160504626014,0.9309789612184896,0.005820689879877161,0.0022370892441118118
299.0,0.3589563551155728,0.367981243522839,0.9332160504626014,0.9296089268835336,0.00902488840726623,0.0036071235790677836
300.0,0.35913290042781887,0.3727123037734743,0.9331975897707838,0.9276801379439924,0.013579403345655439,0.00551745182679142
301.0,0.35913290042781887,0.37469424580215,0.9331975897707838,0.9266737914644926,0.015561345374331126,0.00652379830629124
302.0,0.3591329004278188,0.378762818864664,0.9331975897707839,0.9249991485184536,0.019629918436845195,0.00819844125233038
303.0,0.35913290042781887,0.3799978733615487,0.9331975897707838,0.924224307594511,0.020864972933729853,0.008973282176272801
304.0,0.3775577370349754,0.3842096949137629,0.9253748599750893,0.9223569131060736,0.006651957878787473,0.0030179468690156863
305.0,0.37540807693993744,0.3851022691870658,0.9262818833923825,0.9216914647447442,0.009694192247128364,0.004590418647638317
306.0,0.37540807693993733,0.3848900295702206,0.9262818833923825,0.9217844891970114,0.009481952630283286,0.004497394195371096
307.0,0.374990486340965,0.3898560303148446,0.9264310659577384,0.9192857125753392,0.014865543973879625,0.007145353382399189
308.0,0.3749904863409649,0.3877334636853939,0.9264310659577383,0.9200960274945011,0.01274297734442903,0.00633503846323713
309.0,0.374990486340965,0.3925042487488577,0.9264310659577384,0.9180439747708712,0.017513762407892708,0.008387091186867202
310.0,0.37499126158088303,0.3900182178502116,0.9264043720392009,0.9188571769644132,0.015026956269328595,0.007547195074787738
311.0,0.3749912615808831,0.3937876249968176,0.9264043720392007,0.9170566943321224,0.01879636341593449,0.009347677707078228
312.0,0.3749787131227648,0.3928672316227469,0.926397956126118,0.9173972741898898,0.017888518499982076,0.009000681936228161
313.0,0.3749787131227648,0.393997974838091,0.926397956126118,0.9167005792008804,0.019019261715326197,0.009697376925237533
314.0,0.3748961766721045,0.390745117778965,0.9264207187369583,0.917841655812194,0.01584894110686047,0.008579062924764291
315.0,0.37498800321972925,0.3900073085313831,0.9263919501081677,0.9183472336285136,0.015019305311653852,0.008044716479654102
316.0,0.3749751963483049,0.3892028863329741,0.9263944321679307,0.9186171181551748,0.014227689984669223,0.007777314012755943
317.0,0.37488909674327225,0.3885456773267968,0.9264114121903236,0.9185456338750848,0.013656580583524536,0.007865778315238825
318.0,0.37488909674327225,0.3865574707067271,0.9264114121903236,0.919434128880576,0.011668373963454826,0.006977283309747673
319.0,0.37488909674327225,0.3852990406194058,0.9264114121903236,0.9201653026209626,0.010409943876133532,0.0062461095693610025
320.0,0.37488909674327225,0.3832021245311287,0.9264114121903236,0.9208847930467712,0.00831302778785642,0.005526619143552458
321.0,0.37488909674327225,0.3815715518466758,0.9264114121903236,0.921537573461256,0.0066824551034035395,0.004873838729067659
322.0,0.3748890967432722,0.3810711450662112,0.9264114121903236,0.9220439138740152,0.006182048322939004,0.004367498316308449
323.0,0.3746914880237708,0.3769227451091584,0.9265353867381539,0.923681092346678,0.002231257085387628,0.0028542943914759977
324.0,0.37182498049904084,0.3744214852384242,0.9278136556686996,0.9246957891590089,0.0025965047393833873,0.0031178665096907032
325.0,0.3708326170575429,0.371489803586071,0.928268523751141,0.926069974494444,0.0006571865285280865,0.0021985492566970466
326.0,0.36595104508632414,0.3677004640945163,0.9302916138436642,0.9280565443752704,0.0017494190081921435,0.002235069468393802
327.0,0.3637252429939477,0.3653880754000732,0.9311972328281481,0.928951216912272,0.0016628324061254696,0.002246015915876143
328.0,0.36101499633218337,0.3625020015976865,0.9322107031775501,0.9302088695966348,0.0014870052655031052,0.0020018335809152132
329.0,0.35939503787194527,0.3604168786389315,0.932726537772442,0.9311482479008062,0.0010218407669862484,0.001578289871635774
330.0,0.3610149963321835,0.3618316098295853,0.9322107031775501,0.9306099743974858,0.000816613497401808,0.0016007287800642311
331.0,0.35688370964128546,0.3571351940424954,0.9331320208688372,0.932753519598164,0.00025148440120992266,0.0003785012706731816
332.0,0.35679641901799153,0.3571949319900191,0.933179038555425,0.932938863296877,0.00039851297202758706,0.00024017525854791444
333.0,0.35359544667914206,0.3545752860584986,0.9347861018319431,0.9342177107520376,0.0009798393793565285,0.0005683910799054726
334.0,0.3536044408078958,0.3547884162807298,0.9344897597705157,0.9339456842378572,0.001183975472833998,0.0005440755326585611
335.0,0.3519403273714983,0.3522085811392204,0.9352267228682778,0.93538357913895,0.0002682537677221042,0.00015685627067218988
336.0,0.3536843254088142,0.3543336694238435,0.9348097635493275,0.934390478418158,0.0006493440150292518,0.00041928513116951116
337.0,0.3525270701598833,0.3520880464146303,0.9355169195110185,0.9356842202150932,0.0004390237452530088,0.00016730070407477982
338.0,0.35057317935879717,0.3505191403551837,0.936431665410468,0.936231444560127,5.40390036134486e-05,0.00020022085034099302
339.0,0.3525227377548524,0.3527868294084527,0.9354952979861492,0.9353785313833506,0.00026409165360030684,0.0001167666027985792
340.0,0.3545825562929082,0.3544165089353835,0.9346648308614129,0.9351082394347766,0.00016604735752467903,0.00044340857336366835
341.0,0.3524910095305628,0.3530620964875229,0.9356432518046529,0.9356876637496636,0.0005710869569601207,4.441194501070278e-05
342.0,0.35727683392524073,0.3563047275694077,0.9339488681960191,0.9342705088131426,0.0009721063558330578,0.00032164061712347536
343.0,0.3545825562929082,0.3550977505450073,0.9346648308614129,0.934792884588867,0.000515194252099116,0.0001280537274540583
344.0,0.3577002625051757,0.3570318112562372,0.9338190323043782,0.9342611910576768,0.0006684512489385508,0.00044215875329856047
345.0,0.36137430147983074,0.3609208347033142,0.932497808590769,0.9327543312178036,0.0004534667765165312,0.0002565226270345722
346.0,0.36279407011036924,0.3621617648391576,0.9319667743179076,0.9322952938334208,0.0006323052712116639,0.0003285195155131593
347.0,0.3627108385594343,0.363406560263867,0.9319930911009964,0.9316622783098532,0.0006957217044326613,0.00033081279114322015
348.0,0.3672585462928314,0.369076882698083,0.9299105784194243,0.9290849003320292,0.001818336405251586,0.0008256780873950875
349.0,0.37037105687942334,0.3711848817869315,0.9286171791533279,0.928467052214054,0.0008138249075081427,0.00015012693927385357
350.0,0.3731166085881845,0.3730960317881531,0.9274379159788471,0.9274493713318044,2.057680003142437e-05,1.1455352957323583e-05
351.0,0.3754385252798429,0.3770482966318903,0.9263436627862796,0.9255920951193412,0.0016097713520474288,0.0007515676669384019
352.0,0.376366391546084,0.3780870668622363,0.9259241632671543,0.925059667742142,0.0017206753161523314,0.0008644955250123321
353.0,0.37783000141210205,0.3807717743282863,0.9253220259445868,0.9240890043991212,0.0029417729161842487,0.0012330215454655624
354.0,0.37624856657784816,0.3835552351648872,0.9259269147330847,0.9224899093213438,0.007306668587039045,0.0034370054117409676
355.0,0.3776088272217242,0.3861061414991301,0.9253443191468905,0.9214239029836884,0.00849731427740591,0.003920416163202156
356.0,0.37656400026558545,0.3870647287356567,0.9258001887193241,0.9208846544716716,0.010500728470071274,0.004915534247652564
357.0,0.37540807693993744,0.3893683324326534,0.9262818833923824,0.9197393561095772,0.013960255492715956,0.006542527282805133
358.0,0.374990486340965,0.3911756900058323,0.9264310659577384,0.9184571547783532,0.01618520366486731,0.007973911179385174
359.0,0.374990486340965,0.390256764956211,0.9264310659577384,0.9189900483279,0.015266278615245987,0.007441017629838398
360.0,0.3749787131227648,0.3895311063719057,0.926397956126118,0.918952661284968,0.014552393249140871,0.007445294841149974
361.0,0.37499126158088303,0.3935383465114321,0.9264043720392009,0.9172717356926928,0.018547084930549074,0.009132636346508072
362.0,0.3749787131227649,0.3921956397784863,0.926397956126118,0.9176988534342247,0.017216926655721443,0.008699102691893223
363.0,0.3749787131227648,0.3937212550757393,0.9263979561261177,0.9169361016702244,0.01874254195297448,0.009461854455893315
364.0,0.3749787131227648,0.3918524753768182,0.926397956126118,0.9177139777807196,0.016873762254053404,0.008683978345398358
365.0,0.3748961766721046,0.3929562224675322,0.9264207187369581,0.9166737494956498,0.01806004579542758,0.009746969241308245
366.0,0.37487810731497034,0.3886407068143409,0.9264189491250221,0.9186919004024384,0.013762599499370531,0.007727048722583674
367.0,0.37488182252466445,0.3887481889618721,0.9264153303308725,0.9185574511193966,0.013866366437207622,0.00785787921147596
368.0,0.37487779491340995,0.3857504537179287,0.9264255880205219,0.920100203607646,0.010872658804518764,0.00632538441287589
369.0,0.37488909674327225,0.3874808702285758,0.9264114121903236,0.9190349874947032,0.012591773485303548,0.007376424695620387
370.0,0.37488909674327225,0.3854457528739199,0.9264114121903236,0.9199768505784778,0.010556656130647657,0.006434561611845857
371.0,0.3748890967432722,0.3797585050561076,0.9264114121903236,0.9223900318409676,0.004869408312835388,0.004021380349356063
372.0,0.3748890967432723,0.3791469673484132,0.9264114121903236,0.9227454393406784,0.004257870605140879,0.003665972849645205
373.0,0.3746914880237708,0.3777301026120905,0.9265353867381539,0.9233849302083892,0.0030386145883197213,0.0031504565297647558
374.0,0.3726657585257969,0.3748359844503686,0.9274352506684126,0.9247352116962344,0.002170225924571667,0.002700038972178187
375.0,0.37083261705754283,0.3719365089826717,0.928268523751141,0.9260394942193892,0.001103891925128886,0.0022290295317517472
376.0,0.36595104508632414,0.3675730859284489,0.9302916138436642,0.9280725331315188,0.00162204084212475,0.0022190807121453826
377.0,0.36595104508632414,0.367098550028907,0.9302916138436642,0.9283718072365736,0.0011475049425828665,0.0019198066070905684
378.0,0.36245166944592877,0.3628754500292461,0.9316711583207057,0.930254685473254,0.0004237805833173236,0.0014164728474517219
379.0,0.3623956331435463,0.3633444542567708,0.9316913385383578,0.929950583610988,0.0009488211132245294,0.001740754927369803
380.0,0.36101499633218337,0.3607221368974771,0.9322107031775501,0.9310580207978236,0.00029285943470624964,0.001152682379726433
381.0,0.35688370964128546,0.3574786829897284,0.9331320208688374,0.9326928813089932,0.0005949733484429398,0.00043913955984420383
382.0,0.35612339857633785,0.3565248681972208,0.9333633540701787,0.933120100806303,0.0004014696208829438,0.0002432532638756424
383.0,0.3559294304616082,0.3549955782641194,0.9334936806019667,0.9339069363167726,0.0009338521974887604,0.0004132557148058824
384.0,0.35181868908214253,0.3524493079464055,0.9350894751698747,0.9349178575461262,0.0006306188642629662,0.00017161762374851008
385.0,0.35188241941779275,0.352453087895743,0.9351805670917624,0.9351663034054511,0.0005706684779502313,1.4263686311299928e-05
386.0,0.3504608619592573,0.3510878868535346,0.9364324608674788,0.9359187755666072,0.0006270248942772949,0.0005136853008715914
387.0,0.3525270701598833,0.3513074017321158,0.9355169195110185,0.9360836013899964,0.0012196684277675507,0.0005666818789779038
388.0,0.3525262364505991,0.3532629271656269,0.9355332815341753,0.9353104666235152,0.000736690715027799,0.00022281491066000747
389.0,0.3545830234901784,0.3541445241655306,0.9346088910458832,0.9348634497244076,0.00043849932464778973,0.00025455867852441916
390.0,0.3525262364505991,0.3533023198411225,0.9355332815341753,0.935311757426724,0.0007760833905233744,0.00022152410745124307
391.0,0.3523991911086409,0.3527744513533987,0.9356187787016517,0.935666509828544,0.0003752602447578135,4.773112689238079e-05
392.0,0.3545825562929082,0.3539833689676003,0.9346648308614129,0.9353209694613932,0.0005991873253078928,0.0006561385999802605
393.0,0.35800226483336084,0.3575343995928318,0.9333594908530136,0.9337549124726042,0.00046786524052905287,0.00039542161959060795
394.0,0.36037889968299525,0.3597127648774739,0.9327884102681887,0.9330341385151572,0.0006661348055213567,0.0002457282469684463
395.0,0.3590114412015686,0.3591081953161342,0.9330374298254891,0.9334732303278704,9.675411456561145e-05,0.00043580050238134493
396.0,0.3603788996829952,0.3610278840627436,0.9327884102681887,0.9324769990965254,0.0006489843797484185,0.0003114111716633339
397.0,0.36445349207488986,0.3669293298163469,0.931090757333967,0.930005165326818,0.002475837741457043,0.0010855920071489722
398.0,0.3651913261293287,0.3661972157555043,0.9308056449236709,0.9303712385488736,0.0010058896261755934,0.0004344063747973026
399.0,0.3691557027441747,0.3698155796231153,0.9291102798125938,0.9288088949169986,0.0006598768789405907,0.00030138489559516923
400.0,0.3700466966934105,0.3711518055070193,0.9287586505245636,0.9283524060736968,0.0011051088136088127,0.0004062444508667884
401.0,0.374344788440104,0.3757448315207664,0.926840905101511,0.926192030261294,0.0014000430806623831,0.0006488748402169175
402.0,0.376366391546084,0.3794928537511725,0.9259241632671543,0.9244348965575048,0.0031264622050884983,0.0014892667096495504
403.0,0.37656400026558545,0.3846438866550632,0.9258001887193241,0.9220167706621748,0.008079886389477764,0.0037834180571493237
404.0,0.37770344842673687,0.3871755811093496,0.9253057433680995,0.9209358289504224,0.00947213268261271,0.00436991441767709
405.0,0.37770344842673687,0.3881838228972439,0.9253057433680997,0.9204777384943656,0.010480374470507037,0.004828004873734026
406.0,0.374990486340965,0.3920739966906507,0.9264310659577383,0.9182762537492136,0.017083510349685693,0.008154812208524653
407.0,0.374990486340965,0.3956039501539669,0.9264310659577383,0.9165588944518852,0.020613463813001887,0.009872171505853067
408.0,0.39459561010563327,0.3971796599488058,0.9169125586623054,0.9158838290179256,0.002584049843172509,0.0010287296443797223
409.0,0.3940848599913282,0.3979397457645304,0.9170143039729554,0.915209407107242,0.003854885773202199,0.0018048968657133901
410.0,0.3940848599913282,0.401221747440869,0.9170143039729557,0.91361362202393,0.00713688744954083,0.0034006819490256524
411.0,0.39374416179028304,0.4044494910689443,0.9169767267144735,0.9117482250298428,0.010705329278661246,0.0052285016846307375
412.0,0.39384210034805306,0.4059564739755686,0.916842887008096,0.9107509654897904,0.012114373627515551,0.006091921518305621
413.0,0.3938850103372786,0.40732016089261,0.9168226190364992,0.9102020986411172,0.013435150555331399,0.006620520395381968
414.0,0.39384210034805306,0.4068818620913311,0.9168428870080959,0.910264167759384,0.013039761743278033,0.006578719248711895
415.0,0.39384210034805306,0.4045393752802804,0.9168428870080959,0.9113006786756384,0.01069727493222733,0.005542208332457554
416.0,0.39386813862988473,0.4051703820648903,0.916786509551373,0.9108919587879326,0.011302243435005577,0.005894550763440365
417.0,0.39386813862988473,0.4063719487695034,0.916786509551373,0.9098154400947264,0.012503810139618654,0.006971069456646606
418.0,0.39386813862988473,0.4036589024208875,0.916786509551373,0.911417398952162,0.009790763791002743,0.005369110599210969
419.0,0.39386813862988473,0.4067076634650804,0.916786509551373,0.909766892136182,0.012839524835195681,0.007019617415190971
420.0,0.39386813862988473,0.4046671546073108,0.9167865095513732,0.9106990399730048,0.010799015977426052,0.006087469578368365
421.0,0.39386813862988473,0.4028808947221965,0.916786509551373,0.9114202486761472,0.00901275609231178,0.005366260875225737
422.0,0.39386813862988485,0.4007925641270597,0.9167865095513732,0.9123258675523964,0.006924425497174869,0.004460641998976778
423.0,0.39386813862988473,0.3985312879859344,0.916786509551373,0.9134381031295546,0.004663149356049667,0.0033484064218183285
424.0,0.39386813862988473,0.4001891157157356,0.916786509551373,0.912595136752848,0.006320977085850887,0.004191372798524995
425.0,0.39386813862988473,0.3947843465349873,0.9167865095513729,0.9151618623598494,0.0009162079051025507,0.0016246471915234428
426.0,0.39386813862988473,0.3968724067833911,0.916786509551373,0.914321926414902,0.003004268153506351,0.0024645831364710213
427.0,0.39265775755524457,0.3926305582377274,0.9169994980678527,0.9164559021055194,2.7199317517156985e-05,0.000543595962333332
428.0,0.39386813862988473,0.393066821294725,0.916786509551373,0.9163007723994744,0.0008013173351597569,0.0004857371518985909
429.0,0.39265775755524457,0.3908016788258608,0.9169994980678525,0.91717132451952,0.0018560787293837588,0.00017182645166746724
430.0,0.39013583374475935,0.3901926925980237,0.9181511448602242,0.9177449603286244,5.6858853264341036e-05,0.00040618453159979584
431.0,0.38781133108538685,0.3876529489974495,0.9189076262377831,0.918789040065179,0.00015838208793733655,0.00011858617260407378
432.0,0.38781133108538685,0.3873178674481522,0.9189076262377831,0.9190691948396508,0.0004934636372346257,0.00016156860186766764
433.0,0.38864352917972517,0.3879015784517678,0.9186339990587047,0.9189975840204446,0.0007419507279573523,0.0003635849617399378
434.0,0.390275826621463,0.3894873605668579,0.9181085144315453,0.9183783717836908,0.0007884660546050859,0.0002698573521454639
435.0,0.3886675528730694,0.3879513994023783,0.9186822429098288,0.9192569472936684,0.0007161534706910944,0.0005747043838395527
436.0,0.38867493096554534,0.388093857829558,0.9186771871316657,0.9191296818800424,0.00058107313598732,0.00045249474837671944
437.0,0.3898041610908332,0.3894779066354631,0.9188734512604843,0.9189390801165448,0.0003262544553701008,6.562885606054003e-05
438.0,0.38980915021932977,0.3907976991047646,0.918886307554472,0.9183413972604264,0.0009885488854348146,0.0005449102940455752
439.0,0.3898041610908332,0.3912026942587686,0.9188734512604843,0.9181041613970572,0.0013985331679353674,0.0007692898634270584
440.0,0.39273291698856844,0.392444853849995,0.9174724504746787,0.9176563766060772,0.0002880631385734356,0.0001839261313985041
441.0,0.3927706188534015,0.3936294072381142,0.9178231020286942,0.9173758496446814,0.0008587883847127054,0.0004472523840127751
442.0,0.39386566107333,0.3986751203557488,0.9170109907053383,0.9147931418434588,0.0048094592824188265,0.002217848861879479
443.0,0.3945956101056332,0.4001768502389515,0.9169125586623054,0.9144060009741148,0.005581240133318288,0.002506557688190525
444.0,0.39459561010563327,0.4015130056431369,0.9169125586623055,0.913955287412186,0.0069173955375036456,0.0029572712501194642
445.0,0.39459561010563327,0.407893008925232,0.9169125586623054,0.9108567097120924,0.013297398819598738,0.006055848950212939
446.0,0.3945956101056332,0.4088303426367289,0.9169125586623055,0.9101480110360984,0.014234732531095695,0.00676454762620704
447.0,0.3945956101056332,0.4131988183757751,0.9169125586623054,0.9081328104177956,0.01860320827014189,0.008779748244509777
448.0,0.39459561010563327,0.4172300956305733,0.9169125586623055,0.9060741283064938,0.022634485524940018,0.010838430355811668
449.0,0.41510472815160876,0.4191410981530568,0.9071406840739723,0.9052935011611446,0.00403637000144802,0.001847182912827705
450.0,0.41510472815160876,0.4222648843199217,0.9071406840739722,0.9037594506872744,0.007160156168312948,0.003381233386697824
451.0,0.41510472815160876,0.4255375969871045,0.9071406840739723,0.9017174900296784,0.010432868835495768,0.005423194044293922
452.0,0.41510472815160876,0.429789444826825,0.9071406840739723,0.8995519144261491,0.014684716675216258,0.007588769647823179
453.0,0.41510472815160876,0.4352243423763118,0.9071406840739723,0.8966934948483117,0.020119614224703042,0.01044718922566057
454.0,0.43218829594011915,0.4373173537977983,0.8983170107497476,0.8956887340301147,0.005129057857679142,0.0026282767196328383
455.0,0.42962928183833454,0.4387774346140958,0.8996071680066852,0.8945778124279723,0.009148152775761254,0.0050293555787128685
456.0,0.42915442879338217,0.4415662798471715,0.8998325887992144,0.8928072327564801,0.012411851053789336,0.007025356042734243
457.0,0.42915442879338217,0.4472933081954172,0.8998325887992144,0.8895874327212239,0.018138879402035013,0.01024515607799048
458.0,0.42962928183833454,0.4482850779768263,0.8996071680066852,0.889267578843778,0.018655796138491776,0.010339589162907115
459.0,0.42913494398792823,0.4503515092360745,0.8998337503664473,0.8876450885063852,0.021216565248146246,0.012188661860062067
460.0,0.4484443974968695,0.4508045404376108,0.8888514509849316,0.8876603598889775,0.0023601429407413277,0.0011910910959540555
461.0,0.4487510465178995,0.4522542066262485,0.8886473887376225,0.8866545554914389,0.0035031601083490016,0.0019928332461836007
462.0,0.4487510465178995,0.4569935856082174,0.8886473887376225,0.8835208521838503,0.008242539090317913,0.005126536553772154
463.0,0.4487510465178995,0.4568122431134436,0.8886473887376225,0.88341149742203,0.008061196595544107,0.005235891315592545
464.0,0.4487510465178995,0.456623531941899,0.8886473887376225,0.8835110498808579,0.007872485423999487,0.005136338856764566
465.0,0.4487510465178995,0.4572993543550053,0.8886473887376225,0.8831596796119626,0.008548307837105806,0.005487709125659879
466.0,0.44875104651789954,0.4577722965829232,0.8886473887376225,0.882765150063788,0.009021250065023634,0.005882238673834528
467.0,0.4487510465178995,0.4559235730490064,0.8886473887376225,0.8836595246398329,0.007172526531106893,0.004987864097789618
468.0,0.4487510465178995,0.4567512175613346,0.8886473887376225,0.882768152246232,0.00800017104343509,0.005879236491390549
469.0,0.4487510465178995,0.4552486021808709,0.8886473887376225,0.8836377466446185,0.006497555662971388,0.00500964209300403
470.0,0.4487510465178995,0.455844312740821,0.8886473887376225,0.8831523730464813,0.0070932662229215016,0.005495015691141192
471.0,0.44875104651789954,0.452410516013367,0.8886473887376226,0.885358325592404,0.003659469495467471,0.003289063145218596
472.0,0.4487510465178995,0.4527986399991375,0.8886473887376225,0.8847421606532768,0.00404759348123801,0.00390522808434568
473.0,0.4487510465178995,0.4486483901312636,0.8886473887376225,0.8870259054421422,0.00010265638663586873,0.001621483295480286
474.0,0.4487510465178995,0.449816724996049,0.8886473887376225,0.8866451329819127,0.0010656784781495343,0.002002255755709781
475.0,0.4487510465178995,0.4493292026407959,0.8886473887376225,0.8868693568843242,0.0005781561228964116,0.0017780318532982786
476.0,0.4472707055696778,0.4463630257412916,0.8896123959769949,0.8885673065592096,0.0009076798283861875,0.001045089417785361
477.0,0.443261445857483,0.4427624241650486,0.8918730931959044,0.8903106413942519,0.0004990216924344315,0.0015624518016524869
478.0,0.443261445857483,0.4414113568116,0.8918730931959042,0.8910361465848504,0.0018500890458830188,0.0008369466110538237
479.0,0.4426050091112419,0.4399311438526529,0.892259507262596,0.8920358534775387,0.002673865258588981,0.00022365378505728728
480.0,0.4410059599633429,0.4389989558003716,0.8932601579270666,0.8927443277524564,0.002007004162971282,0.0005158301746102101
481.0,0.4426050091112419,0.4399288597952042,0.892259507262596,0.8921312051292942,0.0026761493160377126,0.00012830213330172757
482.0,0.44260500911124195,0.4414417594588816,0.8922595072625961,0.8917453822003192,0.0011632496523603653,0.0005141250622768823
483.0,0.4405485001822908,0.4374208855358261,0.8935624176386674,0.893820328943089,0.003127614646464716,0.0002579113044216541
484.0,0.4410059599633429,0.4397789003465913,0.8932601579270666,0.892878814847404,0.0012270596167516246,0.0003813430796626438
485.0,0.44260500911124195,0.4402267666617912,0.8922595072625961,0.8925925455199352,0.0023782424494507293,0.0003330382573391022
486.0,0.4405485001822908,0.4376162616782564,0.8935624176386672,0.8939814357934639,0.0029322385040344012,0.0004190181547967242
487.0,0.44260500911124195,0.4411139445140417,0.8922595072625961,0.892449879897197,0.0014910645972002756,0.0001903726346009771
488.0,0.4410059599633429,0.439540016129274,0.8932601579270666,0.8934960159272495,0.0014659438340688946,0.00023585800018288694
489.0,0.44260500911124195,0.4410333244930649,0.8922595072625961,0.892814225872227,0.0015716846181770272,0.0005547186096309664
490.0,0.44693819719253625,0.4448641889396185,0.8898194049566831,0.890906249919162,0.0020740082529177584,0.0010868449624789056
491.0,0.44727070556967774,0.4468042153530647,0.8896123959769949,0.8896115487375037,0.0004664902166130469,8.472394912306669e-07
492.0,0.4455258995967765,0.4478690406133925,0.8907497804899644,0.889559781166798,0.0023431410166159794,0.0011899993231664352
493.0,0.44707834223971527,0.4504986211233437,0.8897000489456427,0.8880838264069866,0.003420278883628447,0.0016162225386561202
494.0,0.4437539866926192,0.4551874405678733,0.8916290218348452,0.8856308084090261,0.01143345387525413,0.005998213425819077
495.0,0.4438920886788167,0.458892746282559,0.8915687980190252,0.8836173173600125,0.015000657603742307,0.007951480659012744
496.0,0.4439111858973682,0.4600771523553703,0.8915659282372833,0.8830148834781776,0.016165966458002057,0.00855104475910573
497.0,0.4438920886788167,0.4630070405938197,0.8915687980190252,0.8812587325587506,0.01911495191500301,0.010310065460274576
498.0,0.4439111858973681,0.4654515283327274,0.8915659282372832,0.8799349248864688,0.021540342435359294,0.01163100335081435
499.0,0.4639459056677842,0.4700561225471849,0.8807839328822163,0.8774131820760923,0.006110216879400665,0.0033707508061240343
500.0,0.46259901104121964,0.4751575731038888,0.8814265367874284,0.8741280626723317,0.012558562062669143,0.007298474115096765
501.0,0.4639459056677842,0.476059585794835,0.8807839328822163,0.8738985997180723,0.012113680127050774,0.006885333164144081
502.0,0.4631593595178626,0.4801947184356563,0.8811727402026912,0.871150202401975,0.01703535891779373,0.010022537800716158
503.0,0.4639459056677842,0.4825893067826641,0.8807839328822163,0.8700126448182219,0.018643401114879887,0.01077128806399441
504.0,0.4638447856650982,0.4842011940397778,0.8808388298234067,0.8688278353521746,0.020356408374679613,0.012010994471232106
505.0,0.4825719638672797,0.4856522982499841,0.8698083475882916,0.867997695145556,0.0030803343827044416,0.0018106524427355941
506.0,0.481335229027078,0.4891683746652513,0.8705248933744759,0.8653870060744664,0.007833145638173333,0.005137887300009525
507.0,0.48133522902707787,0.4889530712019044,0.8705248933744758,0.8656959749802244,0.007617842174826528,0.004828918394251369
508.0,0.481335229027078,0.4927036125941669,0.8705248933744758,0.8631566067553291,0.011368383567088913,0.00736828661914668
509.0,0.48135634816494927,0.4914354408835954,0.8705001820865053,0.8635569848258927,0.010079092718646154,0.006943197260612544
510.0,0.48135634816494927,0.493691635972166,0.8705001820865053,0.8621927664371539,0.01233528780721671,0.008307415649351335
511.0,0.4813563481649492,0.4945630733205061,0.8705001820865053,0.8616784111549701,0.013206725155556875,0.008821770931535133
512.0,0.48135634816494927,0.4952859373650147,0.8705001820865053,0.8607980904939837,0.013929589200065429,0.009702091592521556
513.0,0.48135634816494927,0.4933377277610887,0.8705001820865053,0.8619837357388902,0.01198137959613943,0.008516446347615059
514.0,0.48135634816494927,0.4944462814963986,0.8705001820865053,0.8610964162901321,0.01308993333144931,0.009403765796373142
515.0,0.4813417977488074,0.4937429409202443,0.8705001090208505,0.8613188001467322,0.012401143171436868,0.009181308874118277
516.0,0.4813417977488075,0.4931030348452126,0.8705001090208504,0.8615030277681359,0.011761237096405142,0.008997081252714478
517.0,0.4813417977488074,0.4922997285840402,0.8705001090208505,0.862184867788385,0.010957930835232776,0.00831524123246552
518.0,0.4813417977488074,0.4907154938976502,0.8705001090208505,0.8629089410072631,0.009373696148842758,0.0075911680135873905
519.0,0.4813417977488074,0.4889805972335757,0.8705001090208505,0.8639103236425631,0.007638799484768255,0.0065897853782873606
520.0,0.4813417977488074,0.4865292406549077,0.8705001090208505,0.8654435904343246,0.0051874429061002925,0.005056518586525893
521.0,0.4813417977488074,0.4825232628081637,0.8705001090208505,0.8676201244606965,0.0011814650593562903,0.0028799845601540364
522.0,0.48081173435705293,0.4807040920206473,0.8708399236154206,0.8686666677254292,0.00010764233640564447,0.002173255889991399
523.0,0.47619320299739853,0.478218131320386,0.8736052971900605,0.8702506125752062,0.0020249283229874515,0.0033546846148543308
524.0,0.4754025865407251,0.4740347521022927,0.8740716189590368,0.8724175071591374,0.0013678344384324137,0.0016541117998994936
525.0,0.47473954959572057,0.4740946557795451,0.8744141772059123,0.8725737804971724,0.0006448938161754403,0.001840396708739922
526.0,0.46854305812317615,0.469980411491491,0.8781047515518628,0.8749241206703511,0.0014373533683148532,0.00318063088151177
527.0,0.46854305812317615,0.4684942753463148,0.8781047515518626,0.8757768496788914,4.8782776861322485e-05,0.002327901872971272
528.0,0.463439392211111,0.4644491324378594,0.8807057033597324,0.8781199549938354,0.001009740226748379,0.002585748365896978
529.0,0.4616682114917648,0.4626992817246338,0.8814941148462948,0.8792518269922593,0.0010310702328690247,0.002242287854035463
530.0,0.4589260306537294,0.4619213128053128,0.8824715367973746,0.8799316476723815,0.0029952821515834005,0.0025398891249930333
531.0,0.4589560829613385,0.4599775802243219,0.8824541449094068,0.8809281865177132,0.0010214972629833952,0.0015259583916935604
532.0,0.4572389187858226,0.459027343733503,0.882954080877967,0.8816896045441421,0.0017884249476803893,0.001264476333824871
533.0,0.45714440969089126,0.4572821124982865,0.8830392828506182,0.8829693919620498,0.00013770280739522356,6.989088856834691e-05
534.0,0.45568828276285217,0.4557393768792223,0.8838254457517448,0.8839689027572718,5.109411637010952e-05,0.00014345700552698126
535.0,0.45548941679070737,0.454861127081422,0.8838657348998958,0.8842581278102244,0.0006282897092853568,0.00039239291032855395
536.0,0.4513971481931572,0.4522399402270013,0.8871358285441576,0.8862100865897232,0.0008427920338441308,0.0009257419544344003
537.0,0.4513442648261022,0.4514225995856469,0.8869570373018805,0.8864326230172719,7.833475954471814e-05,0.0005244142846085875
538.0,0.4527124211664841,0.453139043057698,0.885488788855599,0.8857038570305287,0.0004266218912138964,0.0002150681749296668
539.0,0.45274513044392506,0.4545168530674766,0.8856197181748044,0.8853819913019128,0.0017717226235515193,0.00023772687289169703
540.0,0.45268804952221986,0.4535207224893324,0.885649434165253,0.8858417296205037,0.0008326729671125355,0.00019229545525067948
541.0,0.4556270746247215,0.4563631838392723,0.8845744123393711,0.88426495055502,0.0007361092145508064,0.00030946178435109495
542.0,0.4560261267628853,0.4551523630790408,0.8848940318715137,0.8852009367259128,0.0008737636838445084,0.00030690485439910375
543.0,0.45805020753338715,0.4582439887273238,0.8838310294091136,0.8838882444191553,0.0001937811939366485,5.721501004163354e-05
544.0,0.4595337283189101,0.460552646635774,0.8832157240179705,0.8826753409086356,0.0010189183168639038,0.0005403831093349076
545.0,0.4596067945169547,0.4605998607041357,0.8831883912345684,0.882738571518192,0.0009930661871810353,0.0004498197163763651
546.0,0.4622129566288453,0.4629660339151255,0.8816705483362461,0.8810834082837905,0.0007530772862801571,0.0005871400524556369
547.0,0.4672092454511144,0.4684489597594752,0.8789519169605424,0.8783331479079527,0.0012397143083607842,0.0006187690525897294
548.0,0.4688882927817585,0.4705211818336896,0.877965781208205,0.8769012738280199,0.0016328890519310968,0.0010645073801851535
549.0,0.46907899779587564,0.4703710899776054,0.8778642000268941,0.8770313789141246,0.0012920921817297648,0.0008328211127694995
550.0,0.47515861289001093,0.4741623006011828,0.8741915816146337,0.8748728934712319,0.0009963122888281273,0.0006813118565981435
551.0,0.4758617145910567,0.4757298210780633,0.8738257996972603,0.8739127647438804,0.00013189351299341956,8.696504662009108e-05
552.0,0.4761866342756691,0.4792168068349808,0.873630081543686,0.8716484415350474,0.0030301725593117057,0.001981640008638652
553.0,0.48216069194996064,0.4827448348129755,0.870131462297859,0.8698122097292195,0.000584142863014836,0.00031925256863951645
554.0,0.4827635226936718,0.4844600204794759,0.8697319347111636,0.8687689504437954,0.0016964977858041075,0.0009629842673681832
555.0,0.481335229027078,0.4848292011783323,0.8705248933744758,0.8680366863028404,0.0034939721512542987,0.00248820707163544
556.0,0.481335229027078,0.4870260126046464,0.8705248933744759,0.866971668933187,0.005690783577568415,0.003553224441288916
557.0,0.481335229027078,0.4901008544048981,0.8705248933744758,0.864670899757172,0.008765625377820108,0.0058539936173037654
558.0,0.481335229027078,0.4906378782995629,0.8705248933744761,0.8643387772774663,0.00930264927248492,0.006186116097009808
559.0,0.48135634816494927,0.491970998352487,0.8705001820865054,0.8632872648484539,0.01061465018753771,0.007212917238051508
560.0,0.481335229027078,0.4952331292911603,0.8705248933744758,0.8613374320957732,0.01389790026408233,0.009187461278702624
561.0,0.48133522902707787,0.4950171190582725,0.8705248933744758,0.8614805685966179,0.013681890031194632,0.009044324777857882
562.0,0.48135634816494927,0.4929502735979457,0.8705001820865053,0.862505214011828,0.011593925432996421,0.007994968074677256
563.0,0.48135634816494927,0.4939370561108381,0.8705001820865053,0.8615192110988059,0.012580707945888836,0.008980970987699344
564.0,0.48135634816494927,0.4940819049066914,0.8705001820865053,0.8613921618097741,0.012725556741742139,0.009108020276731188
565.0,0.48135147705253367,0.4912451878520102,0.870502700264606,0.8629402868353853,0.00989371079947654,0.007562413429220705
566.0,0.4813417977488074,0.4925790600665659,0.8705001090208505,0.8619273932871192,0.011237262317758456,0.008572715733731306
567.0,0.4813417977488074,0.4907110732238087,0.8705001090208505,0.8630775664305828,0.00936927547500127,0.0074225425902677555
568.0,0.4813417977488074,0.4873207885369155,0.8705001090208505,0.8650571197910762,0.005978990788108096,0.005442989229774264
569.0,0.4813417977488074,0.4853666520419257,0.8705001090208505,0.8661192840333931,0.004024854293118274,0.004380824987457399
570.0,0.4813417977488074,0.4838824451419993,0.8705001090208505,0.8666454105573469,0.002540647393191875,0.003854698463503614
571.0,0.4813417977488074,0.4843563860349211,0.8705001090208505,0.8664268740552556,0.003014588286113673,0.004073234965594863
572.0,0.47970194801785077,0.4802536598878661,0.8714685289964046,0.8690942035042568,0.0005517118700153478,0.0023743254921477774
573.0,0.47619320299739853,0.4776262714419006,0.8736052971900606,0.8703093250663312,0.0014330684445020836,0.0032959721237294515
574.0,0.4754025865407251,0.4748027007521372,0.8740716189590368,0.8719682856719999,0.0005998857885878839,0.002103333287036935
575.0,0.4716366059186935,0.4716826439389077,0.8763269710269305,0.8737303160779742,4.603802021418968e-05,0.002596654948956223
576.0,0.46854305812317615,0.4690052610913748,0.8781047515518628,0.875630681783239,0.00046220296819865503,0.0024740697686238544
577.0,0.4658966445976152,0.466068749882289,0.8795586407138535,0.8772838764636159,0.00017210528467381803,0.0022747642502375376
578.0,0.4634698489385278,0.4643008877685968,0.8806898054836645,0.8782916070378852,0.0008310388300690197,0.002398198445779265
579.0,0.46170475446419695,0.4628390423809227,0.881485622806224,0.8793002824308204,0.0011342879167257625,0.0021853403754036327
580.0,0.45703975013961484,0.4596525916431282,0.8829789805707507,0.881036893633429,0.0026128415035133745,0.0019420869373217853
581.0,0.4572664763447428,0.4584839935131795,0.8828829253706881,0.8817227614801745,0.0012175171684366548,0.0011601638905136546
582.0,0.45714440969089126,0.4580940826428925,0.8830392828506183,0.8824198235734514,0.0009496729520012126,0.0006194592771668894
583.0,0.4567161673731955,0.4561745925982626,0.8829625726677455,0.8833343693200425,0.0005415747749328848,0.0003717966522970295
584.0,0.455654893426625,0.4552711850879073,0.8838502085853548,0.8842514423269401,0.00038370833871770316,0.000401233741585294
585.0,0.45578518679683067,0.4549650853424727,0.8837824527096769,0.8844728062814015,0.0008201014543579577,0.0006903535717245335
586.0,0.45580356569425207,0.4549133911598328,0.8838600653347257,0.8846880248913168,0.0008901745344192524,0.0008279595565910958
587.0,0.4527124211664841,0.4524104700496268,0.885488788855599,0.8861375741753766,0.0003019511168572686,0.0006487853197776339
588.0,0.4513766913093383,0.4521983628517438,0.8870926677414055,0.8861689918246534,0.0008216715424055332,0.0009236759167521313
589.0,0.4527451304439251,0.4530443932713654,0.8856197181748044,0.8862065743138928,0.0002992628274403053,0.0005868561390883764
590.0,0.4556270746247215,0.4558978194187803,0.8845744123393711,0.8845330655527406,0.00027074479405880814,4.1346786630480636e-05
591.0,0.4560261267628853,0.4548949550857738,0.8848940318715137,0.8853627085225211,0.0011311716771114644,0.00046867665100736033
592.0,0.4560538960084303,0.4553993316114451,0.8848967566996799,0.8852466789193926,0.0006545643969852466,0.0003499222197126395
593.0,0.4587838639767314,0.4599584217859941,0.8835635367814386,0.8827844478867407,0.001174557809262733,0.0007790888946979102
594.0,0.4600958206036239,0.4615135411529947,0.8828525241359446,0.8819479345462494,0.0014177205493707823,0.0009045895896951928
595.0,0.4587838639767315,0.4602565116514377,0.8835635367814387,0.8825963154564713,0.001472647674706229,0.0009672213249674044
596.0,0.46105281222842387,0.4624621271319193,0.8824048469625049,0.8817401142636022,0.00140931490349544,0.0006647326989026592
597.0,0.46630899524601127,0.4679322668197455,0.8794257661424371,0.8784430832802693,0.0016232715737342085,0.0009826828621677386
598.0,0.46607685675844573,0.4690015348113039,0.8795341601248556,0.8777140022662743,0.002924678052858176,0.0018201578585813616
599.0,0.47530950005416833,0.4733980251690101,0.8742290455543186,0.8754157117988379,0.0019114748851582486,0.001186666244519352
600.0,0.47599648288264296,0.4757487212428741,0.8738751117316056,0.874079626819444,0.000247761639768862,0.00020451508783836392
