time_step,inlet_velocity,B_magnitude,output_source,velocity_magnitude,pressure,pred_velocity,pred_pressure,drift_metric
1.0,1.0,20.04,simulation,0.9996599572786508,209.36102649587605,0.9996599572786508,209.36102649587605,0.0
2.0,1.0,20.06,simulation,0.999659874436475,209.61569708072983,0.999659874436475,209.61569708072983,0.0
3.0,1.0,20.02,simulation,0.9996605777701812,209.2310411772057,0.9996605777701812,209.2310411772057,0.0
4.0,1.0,19.97,simulation,0.9996613081676984,208.674580139965,0.9996613081676984,208.674580139965,0.0
5.0,1.0,20.03,simulation,0.999661420418676,209.29309018745317,0.999661420418676,209.29309018745317,0.0
6.0,1.0,20.0,simulation,0.9996604703567792,208.9817661484629,0.9996604703567792,208.9817661484629,0.0
7.0,1.0,20.02,simulation,0.9996600915972416,209.15599977255687,0.9996600915972416,209.15599977255687,0.0
8.0,1.0,19.96,simulation,0.9996610435308224,208.56564357410647,0.9996610435308224,208.56564357410647,0.0
9.0,1.0,20.04,simulation,0.9996595793454376,209.41806657835545,0.9996595793454376,209.41806657835545,0.0
10.0,1.0,19.94,simulation,0.9996617909026264,208.38349573356663,0.9996617909026264,208.38349573356663,0.0
11.0,1.0,20.09,simulation,0.9996594964305556,209.84307108222944,0.9996594964305556,209.84307108222944,0.0
12.0,1.0,19.9,simulation,0.9996620499061748,208.04840416395905,0.9996620499061748,208.04840416395905,0.0
13.0,1.0,20.08,simulation,0.999659583877324,209.7300662234441,0.999659583877324,209.7300662234441,0.0
14.0,1.0,20.05,simulation,0.9996601805541272,209.46521921019743,0.9996601805541272,209.46521921019743,0.0
15.0,1.0,19.92,simulation,0.9996628706721667,208.22513908022992,0.9996628706721667,208.22513908022992,0.0
16.0,1.0,20.05,simulation,0.9996604529325832,209.47246857035745,0.9996604529325832,209.47246857035745,0.0
17.0,1.0,19.9,simulation,0.999662733906898,208.05525563609095,0.999662733906898,208.05525563609095,0.0
18.0,1.0,19.96,simulation,0.9996614600335778,208.56790960509872,0.9996614600335778,208.56790960509872,0.0
19.0,1.0,19.94,simulation,0.9996622253992068,208.40998909022744,0.9996622253992068,208.40998909022744,0.0
20.0,1.0,19.94,simulation,0.9996622200351796,208.40273446138465,0.9996622200351796,208.40273446138465,0.0
21.0,1.0,20.01,simulation,0.9996606146422544,209.0994309947513,0.9996606146422544,209.0994309947513,0.0
22.0,1.0,19.93,simulation,0.9996611973101682,208.30105335416147,0.9996611973101682,208.30105335416147,0.0
23.0,1.0,19.91,simulation,0.999662870945746,208.1413681504624,0.999662870945746,208.1413681504624,0.0
24.0,1.0,20.09,simulation,0.99965961555639,209.8480758635341,0.99965961555639,209.8480758635341,0.0
25.0,1.0,19.93,simulation,0.999661258592148,208.2998206748313,0.999661258592148,208.2998206748313,0.0
26.0,1.0,20.04,simulation,0.9996602928063578,209.36106222444388,0.9996602928063578,209.36106222444388,0.0
27.0,1.0,19.99,simulation,0.9996621498025214,208.9095847988003,0.9996621498025214,208.9095847988003,0.0
28.0,1.0,19.93,simulation,0.9996618187076576,208.26459552611848,0.9996618187076576,208.26459552611848,0.0
29.0,1.0,20.03,simulation,0.9996606224161232,209.28006635591103,0.9996606224161232,209.28006635591103,0.0
30.0,1.0,19.94,simulation,0.9996616187106449,208.3634900874781,0.9996616187106449,208.3634900874781,0.0
31.0,1.0,19.99,simulation,0.9996608526073962,208.8471701924519,0.9996608526073962,208.8471701924519,0.0
32.0,1.0,20.02,simulation,0.9996606842811036,209.22971770307424,0.9996606842811036,209.22971770307424,0.0
33.0,1.0,20.07,simulation,0.9996586207503574,209.67768033991504,0.9996586207503574,209.67768033991504,0.0
34.0,1.0,20.04,simulation,0.9996597097621291,209.39299263934015,0.9996597097621291,209.39299263934015,0.0
35.0,1.0,20.0,simulation,0.9996610952545278,208.97243226693325,0.9996610952545278,208.97243226693325,0.0
36.0,1.0,20.01,simulation,0.999660298892847,209.0452679755061,0.999660298892847,209.0452679755061,0.0
37.0,1.0,20.04,simulation,0.9996603530890524,209.4039900499875,0.9996603530890524,209.4039900499875,0.0
38.0,1.0,19.93,simulation,0.9996624834901532,208.28580018745316,0.9996624834901532,208.28580018745316,0.0
39.0,1.0,20.05,simulation,0.9996602523616936,209.43629785053736,0.9996602523616936,209.43629785053736,0.0
40.0,1.0,20.04,simulation,0.999660922940573,209.33343686328416,0.999660922940573,209.33343686328416,0.0
41.0,1.0,20.04,simulation,0.9996602656753636,209.3943585953512,0.9996602656753636,209.3943585953512,0.0
42.0,1.0,19.93,simulation,0.999662906021638,208.2909792426893,0.999662906021638,208.2909792426893,0.0
43.0,1.0,20.0,simulation,0.9996608145022212,208.98580430142465,0.9996608145022212,208.98580430142465,0.0
44.0,1.0,20.03,simulation,0.9996598403068038,209.24155369657583,0.9996598403068038,209.24155369657583,0.0
45.0,1.0,20.03,simulation,0.9996599736562978,209.29739460384903,0.9996599736562978,209.29739460384903,0.0
46.0,1.0,20.08,simulation,0.9996605204223776,209.75803646588355,0.9996605204223776,209.75803646588355,0.0
47.0,1.0,19.96,simulation,0.9996618246685056,208.6317523969008,0.9996618246685056,208.6317523969008,0.0
48.0,1.0,19.95,simulation,0.9996621996546852,208.455195796051,0.9996621996546852,208.455195796051,0.0
49.0,1.0,20.01,simulation,0.999660801647376,209.08100758810295,0.999660801647376,209.08100758810295,0.0
50.0,1.0,20.05,simulation,0.9996605924736326,209.4386526668333,0.9996605924736326,209.4386526668333,0.0
51,1.0,19.955229393186496,surrogate,,,0.9996614111264441,208.58607207037872,0.761391540600532
52,1.0,20.043983580673522,surrogate,,,0.9996601687849375,209.38065242002028,0.022201796033138186
53,1.0,20.00540170424538,surrogate,,,0.9996605547251152,209.07129927025,0.8593272841514569
54,1.0,19.971539479970474,surrogate,,,0.9996613626984862,208.64320451672236,0.8997651844746676
55,1.0,19.973824398843046,surrogate,,,0.9996613626984862,208.64320451672236,1.7192067712312398
56,1.0,19.911424872128276,surrogate,,,0.9996628126972417,208.15154366562624,1.0923542029575455
57,1.0,19.918529370410692,surrogate,,,0.999662791369435,208.20717188185046,0.798997982012511
58,1.0,19.975046198900248,surrogate,,,0.9996614189749268,208.73965075747697,0.6277435676462716
59,1.0,19.94979887899662,surrogate,,,0.9996621246218089,208.43284724470058,1.5006718063460827
60,1.0,19.90361452585184,surrogate,,,0.9996624782190796,208.07632867004256,0.3003914554017115
61,1.0,20.030989766079372,surrogate,,,0.9996604479174094,209.2796972066193,1.0300143369710637
62,1.0,20.087593238812975,surrogate,,,0.9996596337428256,209.83159858034725,0.1496165513520658
63,1.0,19.926174285410013,surrogate,,,0.9996619637105438,208.28750916937065,1.1748858819250039
64,1.0,20.02832385908502,surrogate,,,0.9996604492375127,209.2779272227385,1.1056097086133245
65,1.0,19.997343030751882,surrogate,,,0.999660832247704,208.97860891498226,0.01505761205163559
66,1.0,19.92152480988457,surrogate,,,0.999662501367064,208.2511383753183,0.9786505095932997
67,1.0,20.044451499760264,surrogate,,,0.9996601687849376,209.38065242002028,0.09780549014554751
68,1.0,20.043318247421915,surrogate,,,0.9996601687849376,209.38065242002028,1.4807280410002153
69,1.0,19.906255390186324,surrogate,,,0.9996627240110767,208.12200802262197,1.4691938896466115
70,1.0,20.06511011648263,surrogate,,,0.9996590939153468,209.67071765608037,0.7532153385058562
71,1.0,20.097922008167565,surrogate,,,0.9996596337428258,209.83159858034728,0.577366114534212
72,1.0,20.01573240512609,surrogate,,,0.9996604595306523,209.20187002776052,1.003730484189644
73,1.0,19.92386360819159,surrogate,,,0.9996625013670639,208.2511383753183,0.4885076848293711
74,1.0,20.092678806602983,surrogate,,,0.9996596337428256,209.83159858034725,1.6082050216876622
75,1.0,20.002602110093658,surrogate,,,0.9996607973585898,208.9840341269836,0.7885608652941569
76,1.0,20.098030966381128,surrogate,,,0.9996596337428256,209.83159858034725,1.1067932365980602
77,1.0,20.056627676693573,surrogate,,,0.9996600852694709,209.54616065452487,0.44780434923179346
78,1.0,19.92806714847981,surrogate,,,0.9996619637105439,208.2875091693706,1.7974693308785905
79,1.0,19.92919479520227,surrogate,,,0.9996619637105438,208.2875091693706,0.05369416600108554
80,1.0,19.928622555114167,surrogate,,,0.9996619637105439,208.28750916937065,0.20542718885755645
81,1.0,20.025147650227144,surrogate,,,0.9996604492375125,209.27792722273855,0.044359058299969244
82,1.0,20.056643282815184,surrogate,,,0.999660085269471,209.54616065452487,0.8505236868006756
83,1.0,20.019126340742773,surrogate,,,0.9996604595306523,209.2018700277605,1.1284457820790543
84,1.0,19.918143671334164,surrogate,,,0.999662791369435,208.2071718818504,0.7819671083770671
85,1.0,19.986112954521445,surrogate,,,0.99966155104236,208.8947684648388,0.6281588654012714
86,1.0,19.97078358500515,surrogate,,,0.9996613626984862,208.64320451672236,0.1017803416245774
87,1.0,20.04025359333855,surrogate,,,0.9996601687849376,209.38065242002028,1.0536015851582359
88,1.0,19.942666914963258,surrogate,,,0.9996619739742474,208.3914636806703,0.7684796827911291
89,1.0,20.07381725505084,surrogate,,,0.9996591265254129,209.70091896859046,1.3089135613282066
90,1.0,19.929157463086796,surrogate,,,0.9996619637105439,208.2875091693706,0.5453251519405902
91,1.0,20.093621362419164,surrogate,,,0.9996596337428256,209.83159858034725,1.1709151061442675
92,1.0,19.98254586853186,surrogate,,,0.9996615714086677,208.87958992698827,1.1222076102091518
93,1.0,19.990208292868438,surrogate,,,0.9996615459771568,208.89883273932017,1.6392685318080433
94,1.0,19.911857829059716,surrogate,,,0.9996628126972417,208.15154366562624,0.13301591320031994
95,1.0,19.9684053655617,surrogate,,,0.9996613626984864,208.64320451672236,1.314945990631174
96,1.0,19.98446602970522,surrogate,,,0.9996615714086677,208.87958992698827,1.433423618653357
97,1.0,19.97016430912823,surrogate,,,0.9996613626984862,208.64320451672236,1.4517014535427593
98,1.0,20.089556073365763,surrogate,,,0.9996596337428256,209.83159858034725,0.9959464292636571
99,1.0,19.949276947894912,surrogate,,,0.9996621246218089,208.43284724470058,0.7819466762271507
100,1.0,19.93789981240631,surrogate,,,0.9996619631054131,208.38811464947813,1.7146749342711005
101,1.0,19.905834586963138,surrogate,,,0.9996627240110767,208.12200802262197,1.6799891297711373
102,1.0,20.08986649217159,surrogate,,,0.9996596337428256,209.83159858034725,0.04200320358806346
103,1.0,20.051458189137268,surrogate,,,0.9996603682887043,209.45135450544637,0.29487053456368817
104,1.0,20.011712872994977,surrogate,,,0.999660545356919,209.07535982784182,1.7257089468726265
105,1.0,20.061424936393667,surrogate,,,0.9996596296990446,209.60824140499892,0.5976159596012993
106,1.0,19.9569354333534,surrogate,,,0.9996614111264441,208.58607207037866,0.7283515774611683
107,1.0,20.080603767843126,surrogate,,,0.9996599870980504,209.7549119806118,1.3190087416018348
108,1.0,20.097811837380405,surrogate,,,0.9996596337428256,209.83159858034725,0.0768313197189845
109,1.0,20.035911531970463,surrogate,,,0.9996601687849376,209.38065242002028,1.5665567335099009
110,1.0,20.07531704155054,surrogate,,,0.9996599213332176,209.7431469493509,0.018289118655561307
111,1.0,19.96191376287145,surrogate,,,0.9996614111264441,208.5860720703787,0.2649486972446017
112,1.0,20.093092448096105,surrogate,,,0.9996596337428256,209.83159858034725,1.502775762254419
113,1.0,19.95514627951257,surrogate,,,0.9996614111264441,208.5860720703787,1.1857215587280685
114,1.0,20.029923231072704,surrogate,,,0.9996604492375127,209.27792722273855,1.827511711622505
115,1.0,19.971779744809268,surrogate,,,0.9996613626984862,208.64320451672236,0.9318442942204581
116,1.0,19.911362829730297,surrogate,,,0.9996628126972417,208.15154366562624,1.6786339748353472
117,1.0,20.088917126560364,surrogate,,,0.9996596337428256,209.83159858034725,0.6348375635463728
118,1.0,20.094887846195274,surrogate,,,0.9996596337428256,209.83159858034725,0.03955376821505
119,1.0,19.939029532815155,surrogate,,,0.9996619631054132,208.38811464947813,1.3412758874795663
120,1.0,20.00838893525022,surrogate,,,0.999660554725115,209.07129927025,1.4439627710706502
121,1.0,20.019895813020597,surrogate,,,0.9996604595306523,209.2018700277605,1.3791443516634592
122,1.0,19.956274823392945,surrogate,,,0.9996614111264442,208.5860720703787,0.8633254377177954
123,1.0,20.00559475037066,surrogate,,,0.999660554725115,209.07129927025,0.23201913808255328
124,1.0,19.90662651757922,surrogate,,,0.9996627240110767,208.12200802262197,1.509477281654383
125,1.0,19.977535746946625,surrogate,,,0.9996614189749268,208.73965075747697,1.2460687269033415
126,1.0,20.0577101313452,surrogate,,,0.999660085269471,209.54616065452487,1.8198066766362293
127,1.0,20.068392825080593,surrogate,,,0.9996590939153467,209.67071765608037,1.1326467206230875
128,1.0,19.91883247760895,surrogate,,,0.999662791369435,208.20717188185046,1.3853623608920733
129,1.0,19.97240280257562,surrogate,,,0.9996613626984862,208.64320451672236,1.015114718732199
130,1.0,19.91087125281647,surrogate,,,0.9996628126972418,208.15154366562624,1.4499592912879538
131,1.0,19.993300418553908,surrogate,,,0.9996615459771567,208.89883273932017,0.10732248696145562
132,1.0,19.997532943808345,surrogate,,,0.9996608322477039,208.9786089149823,0.30944699908344453
133,1.0,20.035186526451138,surrogate,,,0.9996601687849375,209.38065242002028,1.3557841232076304
134,1.0,20.06629739052815,surrogate,,,0.9996590939153467,209.67071765608037,0.466695392256052
135,1.0,19.91162738602501,surrogate,,,0.9996628126972418,208.15154366562624,0.838920748961929
136,1.0,20.016811197122774,surrogate,,,0.9996604595306523,209.20187002776052,0.1562619641056536
137,1.0,20.035173664251882,surrogate,,,0.9996601687849376,209.38065242002028,1.5240886583312918
138,1.0,19.92165735434902,surrogate,,,0.999662501367064,208.2511383753183,0.3527380976173641
139,1.0,19.929242103642014,surrogate,,,0.9996619637105436,208.28750916937065,0.692937292356843
140,1.0,20.098456907453148,surrogate,,,0.9996596337428256,209.83159858034728,0.9981568418214114
141,1.0,20.041902754302487,surrogate,,,0.9996601687849376,209.38065242002023,0.053051668866590906
142,1.0,19.985764205160553,surrogate,,,0.9996615510423598,208.89476846483882,0.9972414086327833
143,1.0,19.92218206580646,surrogate,,,0.9996625013670639,208.2511383753183,1.487730766310565
144,1.0,19.946934700577046,surrogate,,,0.9996621246218089,208.43284724470058,0.9589741919515823
145,1.0,19.95829474725569,surrogate,,,0.9996614111264441,208.5860720703787,0.7650678180658255
146,1.0,20.02741662291051,surrogate,,,0.9996604492375127,209.27792722273855,1.5946205982974175
147,1.0,20.048306134253185,surrogate,,,0.9996603682887043,209.45135450544637,1.1675686898437712
148,1.0,20.08824014011088,surrogate,,,0.9996596337428258,209.83159858034728,0.41393473193200897
149,1.0,20.003166440257235,surrogate,,,0.9996607973585898,208.98403412698357,0.3191265132518089
150,1.0,20.0630433182983,surrogate,,,0.9996596296990446,209.60824140499892,1.5006198264293233
151,1.0,20.07276240421466,surrogate,,,0.9996591265254129,209.70091896859046,0.4239137619685442
152,1.0,20.051308698014925,surrogate,,,0.9996603682887043,209.4513545054464,0.628232318964382
153,1.0,19.902714972996517,surrogate,,,0.9996624782190796,208.07632867004256,0.9849788836352655
154,1.0,19.952825842637164,surrogate,,,0.9996619337309706,208.4972098748807,1.0820663488738829
155,1.0,19.96322274938589,surrogate,,,0.9996614111264441,208.5860720703787,1.7765570313197183
156,1.0,20.085128847044313,surrogate,,,0.9996596337428256,209.83159858034725,1.2621319442584593
157,1.0,19.913265931186363,surrogate,,,0.9996628126972417,208.15154366562624,0.8421710092145792
158,1.0,19.966962209288393,surrogate,,,0.9996613626984862,208.64320451672236,0.6565929399841915
159,1.0,19.99293316997438,surrogate,,,0.9996615459771566,208.89883273932017,0.7642905790328511
160,1.0,19.956508101036228,surrogate,,,0.9996614111264441,208.5860720703787,0.8808165681815692
161,1.0,19.92379503125041,surrogate,,,0.999662501367064,208.2511383753183,0.28808823039568
162,1.0,19.999000611299603,surrogate,,,0.999660832247704,208.9786089149823,1.17856446730106
163,1.0,19.99480638477558,surrogate,,,0.9996615459771568,208.89883273932017,0.04820016898037744
164,1.0,19.97677635512873,surrogate,,,0.9996614189749269,208.73965075747697,0.10700710682201292
165,1.0,19.956113240132268,surrogate,,,0.9996614111264441,208.58607207037866,1.332614968367389
166,1.0,20.0957517719443,surrogate,,,0.9996596337428256,209.83159858034725,0.17362767918372796
167,1.0,19.956446072798002,surrogate,,,0.9996614111264441,208.58607207037872,0.993367410499522
168,1.0,20.07450200417851,surrogate,,,0.9996591265254128,209.70091896859046,0.026361811736470384
169,1.0,20.041138461295656,surrogate,,,0.9996601687849375,209.3806524200203,0.1567080580470307
170,1.0,19.9807996516878,surrogate,,,0.9996615714086675,208.87958992698827,1.0050864373193151
171,1.0,20.088597845997683,surrogate,,,0.9996596337428256,209.83159858034725,1.8180130857980192
172,1.0,20.081962377010466,surrogate,,,0.9996599870980503,209.7549119806118,1.341289226292706
173,1.0,20.097636395552364,surrogate,,,0.9996596337428256,209.83159858034728,1.2290868354568718
174,1.0,20.079624291749933,surrogate,,,0.9996599213332175,209.7431469493509,0.8102674602114117
175,1.0,19.916722353729995,surrogate,,,0.999662791369435,208.20717188185046,1.7741392310915254
176,1.0,19.922228466796046,surrogate,,,0.999662501367064,208.2511383753183,0.060859172054092935
177,1.0,20.089180246847217,surrogate,,,0.9996596337428258,209.83159858034725,0.010263825803478841
178,1.0,20.082953740849874,surrogate,,,0.9996599870980504,209.7549119806118,1.295090338452641
179,1.0,19.910049651636232,surrogate,,,0.9996628126972417,208.15154366562624,1.4263828498994477
180,1.0,19.920627751553408,surrogate,,,0.999662501367064,208.2511383753183,0.7214429418158366
181,1.0,20.092862867921035,surrogate,,,0.9996596337428256,209.83159858034725,0.2623955675625375
182,1.0,19.94123076450717,surrogate,,,0.9996619739742474,208.3914636806703,1.4415766600688509
183,1.0,19.949687973936037,surrogate,,,0.9996621246218089,208.43284724470058,0.12938556792126413
184,1.0,20.066892529958775,surrogate,,,0.9996590939153468,209.67071765608037,0.2810010046927833
185,1.0,20.003564610715348,surrogate,,,0.9996607973585898,208.9840341269836,0.45508765176663774
186,1.0,20.049435379407008,surrogate,,,0.9996603682887043,209.45135450544637,0.5856459773049637
187,1.0,19.993077589611616,surrogate,,,0.9996615459771567,208.89883273932014,1.0455803841068958
188,1.0,19.985064569473938,surrogate,,,0.99966155104236,208.8947684648388,1.6666656176888002
189,1.0,19.943997550111877,surrogate,,,0.9996619739742474,208.3914636806703,1.590272471076959
190,1.0,20.013885957800106,surrogate,,,0.999660545356919,209.07535982784182,0.0416083702531844
191,1.0,19.935402200826456,surrogate,,,0.9996619631054131,208.38811464947813,1.1258528884754626
192,1.0,19.90494266662153,surrogate,,,0.9996624782190796,208.07632867004256,1.8241537808388983
193,1.0,19.952625552947456,surrogate,,,0.9996619337309706,208.4972098748807,0.7556609146567083
194,1.0,19.95801642346984,surrogate,,,0.9996614111264441,208.5860720703787,0.21423608790111415
195,1.0,20.03506192324763,surrogate,,,0.9996601687849376,209.38065242002028,1.6789218513408524
196,1.0,20.013223315753745,surrogate,,,0.9996605453569191,209.07535982784182,0.06138183166165719
197,1.0,20.061563723490924,surrogate,,,0.9996596296990446,209.60824140499892,0.8992688168212871
198,1.0,19.94630745946147,surrogate,,,0.9996621246218089,208.43284724470058,0.5195308136921667
199,1.0,19.996410917549696,surrogate,,,0.999660832247704,208.9786089149823,1.0860741263522493
200,1.0,20.09369029911979,surrogate,,,0.9996596337428255,209.83159858034728,1.1605622156934627
201,1.0,20.04166195159716,surrogate,,,0.9996601687849376,209.38065242002028,1.30885759434773
202,1.0,19.92206410124899,surrogate,,,0.999662501367064,208.2511383753183,0.2062159141495143
203,1.0,19.91978955772037,surrogate,,,0.999662791369435,208.20717188185046,1.3695494257129897
204,1.0,20.023678782820966,surrogate,,,0.9996604546693068,209.20832123886404,0.4160097330771907
205,1.0,19.908467321543856,surrogate,,,0.9996627240110766,208.12200802262197,0.7824145516059616
206,1.0,20.044901995103352,surrogate,,,0.9996601687849376,209.38065242002028,0.5482406993775399
207,1.0,19.907692044830533,surrogate,,,0.9996627240110767,208.12200802262197,1.0958308066180902
208,1.0,19.921592642999954,surrogate,,,0.999662501367064,208.2511383753183,0.873017800150506
209,1.0,20.00132411469826,surrogate,,,0.9996607973585898,208.9840341269836,0.25486842386706027
210,1.0,20.080689081109085,surrogate,,,0.9996599870980503,209.7549119806118,0.906498030129107
211,1.0,19.98319966432123,surrogate,,,0.9996615714086677,208.87958992698822,0.8983872327499473
212,1.0,19.975949630765818,surrogate,,,0.9996614189749268,208.73965075747697,1.6333261920632365
213,1.0,20.062149572603946,surrogate,,,0.9996596296990445,209.60824140499892,1.095686293900339
214,1.0,20.08089106764138,surrogate,,,0.9996599870980504,209.7549119806118,1.0677404410196893
215,1.0,20.095490494823533,surrogate,,,0.9996596337428256,209.83159858034725,1.8264772682988832
216,1.0,20.069010329749023,surrogate,,,0.9996590939153467,209.67071765608037,0.2018042852342018
217,1.0,20.065472098278555,surrogate,,,0.9996590939153467,209.67071765608037,1.0199626356192077
218,1.0,20.021729094689142,surrogate,,,0.9996604546693068,209.20832123886402,0.5562489116946194
219,1.0,19.930929209520684,surrogate,,,0.9996619637105439,208.28750916937065,0.2577707528942499
220,1.0,20.051774085866512,surrogate,,,0.9996603682887043,209.4513545054464,0.614762720369624
221,1.0,20.07852949492749,surrogate,,,0.9996599213332178,209.7431469493509,0.6314478707642661
222,1.0,19.92572970098152,surrogate,,,0.9996619637105436,208.2875091693706,1.0333570682172035
223,1.0,20.05861564334645,surrogate,,,0.999660085269471,209.54616065452487,1.5989923665870223
224,1.0,19.94532153406302,surrogate,,,0.9996621246218089,208.43284724470058,0.959097213640667
225,1.0,20.068549025114837,surrogate,,,0.9996590939153468,209.67071765608037,0.5166792405563589
226,1.0,20.00745201296667,surrogate,,,0.999660554725115,209.07129927025,1.1031484071273217
227,1.0,20.019793447212013,surrogate,,,0.9996604595306523,209.2018700277605,1.2125214544527811
228,1.0,20.06054878740593,surrogate,,,0.9996596296990446,209.60824140499892,1.499378722284659
229,1.0,19.969725762433832,surrogate,,,0.9996613626984864,208.64320451672236,1.6921606271090401
230,1.0,19.919344378464803,surrogate,,,0.9996627913694351,208.20717188185046,1.403920851361988
231,1.0,19.91156709766816,surrogate,,,0.9996628126972417,208.15154366562624,1.3775480336736592
232,1.0,20.041910208053114,surrogate,,,0.9996601687849375,209.38065242002028,1.3525628689137028
233,1.0,20.0985746933028,surrogate,,,0.9996596337428256,209.83159858034725,1.656444365942929
234,1.0,20.056074737691578,surrogate,,,0.999660085269471,209.54616065452487,1.3135589006799615
235,1.0,19.915849828992283,surrogate,,,0.999662791369435,208.20717188185046,1.340008252471892
236,1.0,19.939534282548873,surrogate,,,0.9996619631054131,208.38811464947813,1.6523762421114387
237,1.0,19.95393692453885,surrogate,,,0.9996619337309706,208.4972098748807,0.0008037445555813115
238,1.0,19.912131720733147,surrogate,,,0.9996628126972417,208.15154366562624,0.251605425239664
239,1.0,20.06223351775251,surrogate,,,0.9996596296990446,209.60824140499892,0.27500793602275414
240,1.0,20.016904089296762,surrogate,,,0.9996604595306523,209.20187002776052,0.8844001986059499
241,1.0,20.011005830299293,surrogate,,,0.999660545356919,209.07535982784182,0.030259489883653415
242,1.0,19.952699261656054,surrogate,,,0.9996619337309706,208.4972098748807,0.8080846892163516
243,1.0,20.05728704189292,surrogate,,,0.999660085269471,209.54616065452487,0.9824746108632203
244,1.0,20.074652517005685,surrogate,,,0.9996591265254129,209.70091896859046,0.12369714732286033
245,1.0,20.020130024505512,surrogate,,,0.999660454669307,209.20832123886404,0.5949925468076688
246,1.0,20.08829173174169,surrogate,,,0.9996596337428258,209.8315985803472,1.588081222999498
247,1.0,20.015665212580778,surrogate,,,0.9996604595306523,209.2018700277605,0.561918029519833
248,1.0,20.091684251345445,surrogate,,,0.9996596337428256,209.83159858034725,1.0056343595579258
249,1.0,20.005918925145366,surrogate,,,0.9996605547251152,209.07129927025,0.9811410398613479
250,1.0,19.936661817464074,surrogate,,,0.9996619631054131,208.38811464947818,1.7459262193120266
251.0,1.0,19.55,simulation,0.9996691513900824,204.6578764208948,0.9996691513900824,204.6578764208948,5.495063238667059
252.0,1.0,19.27,simulation,0.9996734789182038,201.8868211547113,0.9996734789182038,201.8868211547113,5.495063238667059
253.0,1.0,18.93,simulation,0.9996793931322404,198.5757713171707,0.9996793931322404,198.5757713171707,5.495063238667059
254.0,1.0,18.52,simulation,0.9996871891169048,194.652583804049,0.9996871891169048,194.652583804049,5.495063238667059
255.0,1.0,18.15,simulation,0.9996934686781545,191.00571129967508,0.9996934686781545,191.00571129967508,5.495063238667059
256.0,1.0,17.75,simulation,0.9997010086089008,187.10388181704576,0.9997010086089008,187.10388181704576,5.495063238667059
257.0,1.0,17.34,simulation,0.9997093214219084,183.15692254936263,0.9997093214219084,183.15692254936263,5.495063238667059
258.0,1.0,16.9,simulation,0.9997174880899616,178.83323985503625,0.9997174880899616,178.83323985503625,5.495063238667059
259.0,1.0,16.48,simulation,0.9997264339319089,174.7528733116721,0.9997264339319089,174.7528733116721,5.495063238667059
260.0,1.0,16.22,simulation,0.9997310278435732,172.17190252936766,0.9997310278435732,172.17190252936766,5.495063238667059
261.0,1.0,15.89,simulation,0.9997375754684388,168.99947353661585,0.9997375754684388,168.99947353661585,5.495063238667059
262.0,1.0,15.38,simulation,0.9997481592220502,164.01636278930266,0.9997481592220502,164.01636278930266,5.495063238667059
263.0,1.0,15.15,simulation,0.9997526734465754,161.7928227368158,0.9997526734465754,161.7928227368158,5.495063238667059
264.0,1.0,14.59,simulation,0.999764495584242,156.32550086228443,0.999764495584242,156.32550086228443,5.495063238667059
265.0,1.0,14.26,simulation,0.9997715041002856,153.09181635341164,0.9997715041002856,153.09181635341164,5.495063238667059
266.0,1.0,13.89,simulation,0.9997798382982191,149.4804310547363,0.9997798382982191,149.4804310547363,5.495063238667059
267.0,1.0,13.57,simulation,0.9997874723401446,146.396802251937,0.9997874723401446,146.396802251937,5.495063238667059
268.0,1.0,13.25,simulation,0.9997942680752718,143.18727590102475,0.9997942680752718,143.18727590102475,5.495063238667059
269.0,1.0,12.72,simulation,0.99980651168513,138.0545036315921,0.99980651168513,138.0545036315921,5.495063238667059
270.0,1.0,12.32,simulation,0.9998168605511524,134.13608947763058,0.9998168605511524,134.13608947763058,5.495063238667059
271.0,1.0,11.95,simulation,0.999825969710516,130.48611971257185,0.999825969710516,130.48611971257185,5.495063238667059
272.0,1.0,11.73,simulation,0.9998315128399088,128.41711944263935,0.9998315128399088,128.41711944263935,5.495063238667059
273.0,1.0,11.16,simulation,0.9998463173770232,122.84481867533115,0.9998463173770232,122.84481867533115,5.495063238667059
274.0,1.0,10.82,simulation,0.9998556531005072,119.51632358660336,0.9998556531005072,119.51632358660336,5.495063238667059
275.0,1.0,10.45,simulation,0.9998669800643544,115.84782220694828,0.9998669800643544,115.84782220694828,5.495063238667059
276.0,1.0,10.04,simulation,0.9998777299025092,111.91902101849536,0.9998777299025092,111.91902101849536,5.495063238667059
277.0,1.0,9.69,simulation,0.9998888045022536,108.46850185028742,0.9998888045022536,108.46850185028742,5.495063238667059
278.0,1.0,9.41,simulation,0.9998975374339276,105.77932491652088,0.9998975374339276,105.77932491652088,5.495063238667059
279.0,1.0,9.05,simulation,0.9999101580585544,102.23809438415395,0.9999101580585544,102.23809438415395,5.495063238667059
280.0,1.0,8.61,simulation,0.9999246531599556,97.93852484928767,0.9999246531599556,97.93852484928767,5.495063238667059
281,1.0,8.286200170388296,surrogate,,,0.9999178777063835,99.9409597347789,1.74849377341341
282,1.0,7.873664767647308,surrogate,,,0.9999178777063835,99.94095973477891,1.8780241945251221
283,1.0,7.408043385732728,surrogate,,,0.9999178777063835,99.94095973477891,1.973904888920818
284,1.0,7.07579550938575,surrogate,,,0.9999178777063835,99.94095973477891,2.1005727389794915
285,1.0,6.60978813462774,surrogate,,,0.9999178777063835,99.94095973477891,2.2154604560666797
286,1.0,6.296740697899095,surrogate,,,0.9999178777063835,99.94095973477891,2.3113748098211437
287,1.0,5.992537227811033,surrogate,,,0.9999178777063835,99.94095973477891,2.4407862792099704
288,1.0,5.600214258801224,surrogate,,,0.9999178777063835,99.94095973477891,2.539860510571255
289,1.0,5.165253399872849,surrogate,,,0.9999178777063835,99.9409597347789,2.6321083066116904
290,1.0,4.857965907582936,surrogate,,,0.9999178777063835,99.94095973477891,2.7591558312926647
291,1.0,4.351658702662616,surrogate,,,0.9999178777063835,99.94095973477891,2.9075954707053016
292,1.0,4.0056127619704895,surrogate,,,0.9999178777063835,99.9409597347789,2.9734001410119273
293.0,1.0,3.75,simulation,1.0001626519451303,52.00416473431642,1.0001626519451303,52.00416473431642,3.098507557343257
294.0,1.0,3.19,simulation,1.0002027708882042,47.15859267358161,1.0002027708882042,47.15859267358161,3.098507557343257
295.0,1.0,2.81,simulation,1.0002295790676528,44.09274126218445,1.0002295790676528,44.09274126218445,3.098507557343257
296.0,1.0,2.52,simulation,1.0002503366860276,41.85304485253687,1.0002503366860276,41.85304485253687,3.098507557343257
297.0,1.0,2.13,simulation,1.0002770615782142,39.0799128267933,1.0002770615782142,39.0799128267933,3.098507557343257
298.0,1.0,1.75,simulation,1.000302131740482,36.64941946563359,1.000302131740482,36.64941946563359,3.098507557343257
299.0,1.0,1.35,simulation,1.0003248820167558,34.46542930942264,1.0003248820167558,34.46542930942264,3.098507557343257
300.0,1.0,1.08,simulation,1.0003383537169992,33.26678172631842,1.0003383537169992,33.26678172631842,3.098507557343257
301.0,1.0,0.99,simulation,1.000342252473267,32.89835707423144,1.000342252473267,32.89835707423144,3.098507557343257
302.0,1.0,0.97,simulation,1.0003435184086984,32.828316238440394,1.0003435184086984,32.828316238440394,3.098507557343257
303.0,1.0,1.06,simulation,1.0003397528189055,33.176005613846534,1.0003397528189055,33.176005613846534,3.098507557343257
304.0,1.0,0.97,simulation,1.000343497324531,32.818619964258936,1.000343497324531,32.818619964258936,3.098507557343257
305.0,1.0,0.99,simulation,1.0003429476516958,32.90371181054736,1.0003429476516958,32.90371181054736,3.098507557343257
306.0,1.0,0.96,simulation,1.0003432916346344,32.800505096725814,1.0003432916346344,32.800505096725814,3.098507557343257
307.0,1.0,1.05,simulation,1.00034024018584,33.12856162909273,1.00034024018584,33.12856162909273,3.098507557343257
308.0,1.0,0.96,simulation,1.000344085070364,32.7729712291927,1.000344085070364,32.7729712291927,3.098507557343257
309.0,1.0,0.96,simulation,1.0003441264995168,32.79721870507373,1.0003441264995168,32.79721870507373,3.098507557343257
310.0,1.0,0.93,simulation,1.0003455029547144,32.66679738190452,1.0003455029547144,32.66679738190452,3.098507557343257
311.0,1.0,0.96,simulation,1.000343849822738,32.79179914696326,1.000343849822738,32.79179914696326,3.098507557343257
312.0,1.0,0.99,simulation,1.0003424997655614,32.904947949012744,1.0003424997655614,32.904947949012744,3.098507557343257
313.0,1.0,0.98,simulation,1.0003431131982456,32.87121320769808,1.0003431131982456,32.87121320769808,3.098507557343257
314.0,1.0,1.05,simulation,1.0003404333835362,33.114243251187204,1.0003404333835362,33.114243251187204,3.098507557343257
315.0,1.0,1.0,simulation,1.0003418170314058,32.94798651887029,1.0003418170314058,32.94798651887029,3.098507557343257
316.0,1.0,0.91,simulation,1.0003461671547331,32.61676970732317,1.0003461671547331,32.61676970732317,3.098507557343257
317.0,1.0,0.93,simulation,1.0003450457726024,32.67009122369408,1.0003450457726024,32.67009122369408,3.098507557343257
318.0,1.0,0.9,simulation,1.0003459840856226,32.575736829792554,1.0003459840856226,32.575736829792554,3.098507557343257
319.0,1.0,1.01,simulation,1.000342318934793,32.972152643589105,1.000342318934793,32.972152643589105,3.098507557343257
320.0,1.0,0.96,simulation,1.000343991404327,32.793187771557115,1.000343991404327,32.793187771557115,3.098507557343257
321.0,1.0,1.08,simulation,1.0003385370763116,33.24783153086728,1.0003385370763116,33.24783153086728,3.098507557343257
322.0,1.0,0.94,simulation,1.000344757323253,32.726314407148216,1.000344757323253,32.726314407148216,3.098507557343257
323,1.0,0.9617878943386319,surrogate,,,1.0003438582391408,32.79188954524145,0.42833782675928267
324,1.0,1.0308526192520295,surrogate,,,1.0003405313799076,33.106976895567406,0.46558782514349273
325,1.0,0.9404387677554382,surrogate,,,1.0003449185526072,32.7084149094124,0.5028057388849007
326,1.0,1.0698752335173372,surrogate,,,1.0003393621718093,33.19980104826705,0.3740426972182759
327,1.0,0.944540871831307,surrogate,,,1.0003449185526072,32.7084149094124,0.3631615908605118
328,1.0,1.0830620808588047,surrogate,,,1.000338555812431,33.250307435009915,0.3445764290036305
329,1.0,0.9693106245016021,surrogate,,,1.0003435390723383,32.82057513929513,0.3997847260318317
330,1.0,1.0892779611102885,surrogate,,,1.000338555812431,33.250307435009915,0.3546736444670955
331,1.0,1.0179588219230788,surrogate,,,1.000342203853113,32.96016772840922,0.3482230731343628
332,1.0,1.0025180958585589,surrogate,,,1.0003420211398224,32.94749219973972,0.3445061798395895
333,1.0,1.0522727506015064,surrogate,,,1.0003401677553603,33.135484180555316,0.34908002563323487
334,1.0,0.9739053939129376,surrogate,,,1.0003434759566425,32.82785285267988,0.570564107430833
335,1.0,0.9067198312656767,surrogate,,,1.0003459838321433,32.61694791954516,0.4432441530692411
336,1.0,0.9635195418656739,surrogate,,,1.0003438582391408,32.79188954524145,0.45006235537189504
337,1.0,1.0960072043553322,surrogate,,,1.000338555812431,33.250307435009915,0.44481362644504996
338,1.0,1.0969874395533488,surrogate,,,1.000338555812431,33.250307435009915,0.5454546710150279
339,1.0,1.0452386440352006,surrogate,,,1.0003401677553605,33.135484180555316,0.35707254090868484
340,1.0,1.0063484545099002,surrogate,,,1.000342231939245,32.95764197212162,0.4173217914755357
341,1.0,1.072697243326545,surrogate,,,1.000338555812431,33.250307435009915,0.38639807351462313
342,1.0,1.0726625402580507,surrogate,,,1.000338555812431,33.250307435009915,0.5057738868145065
343,1.0,0.9761894521720244,surrogate,,,1.0003432507076506,32.8546133899879,0.4124072168485676
344,1.0,0.9929226599437346,surrogate,,,1.0003425395794725,32.90245575482745,0.5656548636173232
345,1.0,0.9355762883582139,surrogate,,,1.0003449185526072,32.7084149094124,0.43874372472631923
346,1.0,0.9569639404704557,surrogate,,,1.000343874680391,32.790440557235954,0.3451823082193572
347,1.0,1.0760514993452257,surrogate,,,1.000338555812431,33.250307435009915,0.553889828017095
348,1.0,0.919992413412505,surrogate,,,1.0003458572251447,32.63362703008187,0.3232797847453033
349,1.0,0.9815465487330186,surrogate,,,1.0003429004732185,32.882871821001814,0.4377907275932012
350,1.0,1.0618899417756753,surrogate,,,1.0003398693532173,33.1633747542793,0.36708158477008984
351,1.0,1.0817095109215138,surrogate,,,1.000338555812431,33.250307435009915,0.5771181765111314
352,1.0,1.0644358838179653,surrogate,,,1.0003398693532173,33.1633747542793,0.48624322504098605
353,1.0,0.9235802835796261,surrogate,,,1.0003452608592884,32.66926110053559,0.5049711311877157
354,1.0,1.0427351858291283,surrogate,,,1.0003402839615043,33.126929561005205,0.5370533818190965
355,1.0,1.0931099620038824,surrogate,,,1.0003385558124307,33.250307435009915,0.3754802798100409
356,1.0,0.9520978672886274,surrogate,,,1.0003438746803912,32.790440557235954,0.3625526221595768
357,1.0,1.060198567466958,surrogate,,,1.0003398693532175,33.1633747542793,0.5404513205342283
358,1.0,0.9553884264704322,surrogate,,,1.000343874680391,32.790440557235954,0.3305490555186669
359,1.0,0.9555784262499798,surrogate,,,1.000343874680391,32.790440557235954,0.48438669053562905
360,1.0,0.9843011010637686,surrogate,,,1.0003429004732185,32.88287182100182,0.5235110804881027
361,1.0,1.0879265278608725,surrogate,,,1.000338555812431,33.250307435009915,0.3808138837890064
362,1.0,1.0690808929195095,surrogate,,,1.0003393621718093,33.19980104826705,0.3456525528922378
363,1.0,0.9661220276136253,surrogate,,,1.0003435390723383,32.82057513929513,0.3686438598686882
364,1.0,0.9995959282110266,surrogate,,,1.0003420620796961,32.932760065058375,0.48412397946897817
365,1.0,1.0958300584559306,surrogate,,,1.000338555812431,33.250307435009915,0.5197322769268291
366,1.0,1.0289044645898673,surrogate,,,1.000341663393177,33.018834877071214,0.40572013357399395
367,1.0,0.9870771735412608,surrogate,,,1.000342565502809,32.900920288604,0.3744058020658978
368,1.0,1.01256316124446,surrogate,,,1.000342231939245,32.95764197212162,0.45242000784548664
369,1.0,1.0764248541999708,surrogate,,,1.000338555812431,33.250307435009915,0.38839293348195214
370,1.0,1.0746320331131116,surrogate,,,1.000338555812431,33.250307435009915,0.42522777143155865
371,1.0,0.9961838995723212,surrogate,,,1.000342062079696,32.932760065058375,0.37571674744329003
372,1.0,0.9416326681285365,surrogate,,,1.0003449185526072,32.7084149094124,0.5315344996944545
373,1.0,1.0039576903185072,surrogate,,,1.0003420211398224,32.94749219973971,0.3365332176503141
374,1.0,0.9040577206378256,surrogate,,,1.0003459124351912,32.60094509730822,0.5262908159284181
375,1.0,0.9534550848942909,surrogate,,,1.000343874680391,32.790440557235954,0.5721574404668915
376,1.0,0.9539550434220798,surrogate,,,1.000343874680391,32.790440557235954,0.46884625009592706
377,1.0,1.0876830077926427,surrogate,,,1.000338555812431,33.250307435009915,0.5607159208606043
378,1.0,1.0323629417613431,surrogate,,,1.0003405313799076,33.106976895567406,0.3827358265346253
379,1.0,0.9440215734635097,surrogate,,,1.0003449185526072,32.7084149094124,0.5615882332076167
380,1.0,0.9120907267803683,surrogate,,,1.0003459838321433,32.61694791954516,0.5232289379547121
381,1.0,0.9953397802075766,surrogate,,,1.0003420620796961,32.932760065058375,0.39781603181088615
382,1.0,1.0401089122544904,surrogate,,,1.0003402839615043,33.126929561005205,0.34588930827417985
383,1.0,0.9227625132136219,surrogate,,,1.0003452608592884,32.66926110053559,0.33061065378582966
384,1.0,0.9192801678165716,surrogate,,,1.0003458572251447,32.633627030081875,0.5124810722579987
385,1.0,0.992890491968844,surrogate,,,1.0003425395794725,32.90245575482745,0.3156290345055418
386,1.0,0.9631089380586253,surrogate,,,1.000343858239141,32.79188954524145,0.45576475262325494
387,1.0,1.0313319169069657,surrogate,,,1.0003405313799074,33.106976895567406,0.48033645212795467
388,1.0,0.9412277955602759,surrogate,,,1.0003449185526072,32.7084149094124,0.5581641091777705
389,1.0,0.9948770600991795,surrogate,,,1.0003425395794725,32.90245575482745,0.41410104626695005
390,1.0,0.9810211158052605,surrogate,,,1.0003429004732185,32.88287182100182,0.48581268598797733
391,1.0,0.9645436927133217,surrogate,,,1.0003438582391408,32.79188954524145,0.34147941458191633
392,1.0,1.048348693705385,surrogate,,,1.0003401677553603,33.135484180555316,0.35812980140155143
393,1.0,0.9610849456298663,surrogate,,,1.000343858239141,32.79188954524145,0.5359635904266169
394,1.0,0.9489721501853638,surrogate,,,1.0003444644474313,32.747535327897275,0.5164347517627452
395,1.0,0.9538086845365262,surrogate,,,1.000343874680391,32.790440557235954,0.5258188160500505
396,1.0,1.0730568745899047,surrogate,,,1.000338555812431,33.250307435009915,0.36508674764541393
397,1.0,1.0140776402075138,surrogate,,,1.0003422319392448,32.95764197212162,0.33304049340757924
398,1.0,0.9613142456776609,surrogate,,,1.0003438582391408,32.79188954524145,0.4307043432219102
399,1.0,1.067031187235644,surrogate,,,1.0003393621718093,33.19980104826705,0.4821461818143675
400,1.0,1.0912437178789518,surrogate,,,1.000338555812431,33.250307435009915,0.34867025638410426
401,1.0,0.9102932204351352,surrogate,,,1.0003459838321433,32.61694791954516,0.36193790925482233
402,1.0,1.063079600655743,surrogate,,,1.0003398693532173,33.1633747542793,0.4280390497817077
403,1.0,0.905745511212763,surrogate,,,1.0003459838321433,32.61694791954516,0.49961840920390077
404,1.0,1.0666234803860721,surrogate,,,1.0003393621718093,33.19980104826705,0.3606173719663928
405,1.0,1.0482043043640443,surrogate,,,1.0003401677553605,33.135484180555316,0.5770101944969738
406,1.0,0.9867791241996972,surrogate,,,1.000342565502809,32.900920288604,0.5301657157801686
407,1.0,0.9785864103631428,surrogate,,,1.0003432507076508,32.8546133899879,0.41021340057743216
408,1.0,0.9474522637378259,surrogate,,,1.0003444644474313,32.747535327897275,0.4168155584853581
409,1.0,1.06135735229491,surrogate,,,1.0003398693532173,33.1633747542793,0.44946341234471293
410,1.0,0.918373769069031,surrogate,,,1.0003458572251447,32.633627030081875,0.47509046355560197
411,1.0,1.0326994855407252,surrogate,,,1.0003405313799076,33.106976895567406,0.3859909521652912
412,1.0,0.9688026906282479,surrogate,,,1.0003435390723383,32.82057513929513,0.3673184349172637
413,1.0,0.9637543218688757,surrogate,,,1.0003438582391408,32.791889545241446,0.5723887092014116
414,1.0,1.0735472198266236,surrogate,,,1.0003385558124307,33.250307435009915,0.4145612597809931
415,1.0,0.9398833944481371,surrogate,,,1.0003449185526072,32.7084149094124,0.4028477507114494
416,1.0,0.9799199294963717,surrogate,,,1.0003432507076506,32.8546133899879,0.3255513251736501
417,1.0,1.0200353614127038,surrogate,,,1.000342047084092,32.975622619583085,0.5114617037557749
418,1.0,0.9154993743536947,surrogate,,,1.0003458572251447,32.633627030081875,0.43435317804783796
419,1.0,1.0523686613225998,surrogate,,,1.0003401677553605,33.135484180555316,0.35302600528348677
420,1.0,0.9923368927793383,surrogate,,,1.0003425395794725,32.90245575482745,0.4190158239631629
421,1.0,0.9963657931295852,surrogate,,,1.0003420620796961,32.932760065058375,0.4034370895461371
422,1.0,0.9916567072755811,surrogate,,,1.0003425395794725,32.90245575482745,0.4832725491397248
423,1.0,1.021848550481146,surrogate,,,1.000342047084092,32.975622619583085,0.5544459323546388
424,1.0,1.0239688565223248,surrogate,,,1.000342047084092,32.97562261958309,0.4288161035191917
425,1.0,1.0717099993310344,surrogate,,,1.000338555812431,33.250307435009915,0.5567723678615
426,1.0,1.0452125357326794,surrogate,,,1.0003401677553603,33.135484180555316,0.5731365654773047
427,1.0,1.0287508893098503,surrogate,,,1.0003416633931768,33.018834877071214,0.5147001751111151
428,1.0,1.063576025432425,surrogate,,,1.0003398693532173,33.1633747542793,0.45373196033713586
429,1.0,1.025176649744637,surrogate,,,1.0003416633931768,33.018834877071214,0.39115881751793563
430,1.0,1.0801940267354524,surrogate,,,1.000338555812431,33.250307435009915,0.32667042451881095
431,1.0,0.9593817130862361,surrogate,,,1.000343874680391,32.790440557235954,0.3458214041814994
432,1.0,1.0536842607190662,surrogate,,,1.0003401677553603,33.135484180555316,0.5721143353191775
433,1.0,1.065709390682811,surrogate,,,1.0003393621718093,33.19980104826705,0.5718438097572788
434,1.0,1.0498999206874715,surrogate,,,1.0003401677553603,33.135484180555316,0.43245050628964954
435,1.0,1.032850460027138,surrogate,,,1.0003405313799076,33.106976895567406,0.455203388451399
436,1.0,1.0873131099320408,surrogate,,,1.000338555812431,33.250307435009915,0.3949606184943449
437,1.0,1.069503158260656,surrogate,,,1.0003393621718093,33.19980104826705,0.4570180356643896
438,1.0,0.9870458069969309,surrogate,,,1.000342565502809,32.900920288604,0.5450639362076535
439,1.0,1.0244491768651318,surrogate,,,1.000342047084092,32.975622619583085,0.44081576645200693
440,1.0,0.9389127932735414,surrogate,,,1.0003449185526072,32.7084149094124,0.3326033244246958
441,1.0,1.0724302652970448,surrogate,,,1.000338555812431,33.250307435009915,0.36887055466800966
442,1.0,1.0872623787241082,surrogate,,,1.000338555812431,33.250307435009915,0.3191217861412157
443,1.0,0.9938423496386605,surrogate,,,1.0003425395794725,32.90245575482744,0.33595931695733217
444,1.0,1.092957721026893,surrogate,,,1.0003385558124307,33.250307435009915,0.5456145937817205
445,1.0,0.9186289678691456,surrogate,,,1.0003458572251447,32.633627030081875,0.5022221372380212
446,1.0,1.0935615240543368,surrogate,,,1.000338555812431,33.250307435009915,0.4728596959814347
447,1.0,0.934152144912459,surrogate,,,1.0003452467609737,32.67035654753385,0.5162491743509049
448,1.0,1.0430988341660645,surrogate,,,1.0003402839615045,33.126929561005205,0.49592762883342195
449,1.0,0.9197199070772724,surrogate,,,1.0003458572251447,32.633627030081875,0.48122480742627294
450,1.0,0.9908948694455318,surrogate,,,1.0003425395794725,32.90245575482745,0.44612433488542963
451,1.0,0.9432819080669913,surrogate,,,1.0003449185526072,32.7084149094124,0.3962866426368259
452,1.0,1.059922680230512,surrogate,,,1.0003398693532173,33.1633747542793,0.4637914122050295
453,1.0,0.905410108580601,surrogate,,,1.0003459838321433,32.61694791954516,0.5068938149414299
454,1.0,1.0981455876544512,surrogate,,,1.000338555812431,33.250307435009915,0.3502648297161183
455,1.0,1.0449122208764505,surrogate,,,1.0003402839615043,33.126929561005205,0.46751883201147243
456,1.0,0.9059691195728711,surrogate,,,1.0003459838321433,32.61694791954516,0.5395036538633629
457,1.0,0.9061198153002147,surrogate,,,1.0003459838321431,32.616947919545154,0.34041264318327474
458,1.0,0.9963069484232493,surrogate,,,1.0003420620796961,32.932760065058375,0.5765873045877741
459,1.0,0.9039154067597064,surrogate,,,1.000345912435191,32.60094509730822,0.49744918912533304
460,1.0,1.0660903394351302,surrogate,,,1.0003393621718093,33.19980104826705,0.38934299114333154
461,1.0,1.0487137296041567,surrogate,,,1.0003401677553603,33.135484180555316,0.37431829272700473
462,1.0,0.9735947755093833,surrogate,,,1.0003434759566425,32.82785285267989,0.520601872238876
463,1.0,0.9246831480438533,surrogate,,,1.0003452608592884,32.66926110053559,0.37352195187372056
464,1.0,1.0150989780952369,surrogate,,,1.000342203853113,32.96016772840922,0.4959952258016843
465,1.0,0.9564957496870425,surrogate,,,1.000343874680391,32.790440557235954,0.37007288940859817
466,1.0,0.9885850897111805,surrogate,,,1.000342565502809,32.900920288604,0.5320122765393969
467,1.0,0.9088006709226758,surrogate,,,1.0003459838321433,32.61694791954516,0.45514755365481857
468,1.0,0.9703442579649905,surrogate,,,1.0003434759566425,32.82785285267989,0.562877039680441
469,1.0,1.0946908485460918,surrogate,,,1.000338555812431,33.250307435009915,0.38609061255108323
470,1.0,0.9251906035629835,surrogate,,,1.0003452467609737,32.67035654753384,0.3648360864539788
471,1.0,1.0934961018971707,surrogate,,,1.000338555812431,33.250307435009915,0.5394845987790085
472,1.0,0.9940635325098234,surrogate,,,1.0003425395794725,32.90245575482745,0.3348202907301247
473,1.0,0.9768385018024915,surrogate,,,1.0003432507076506,32.8546133899879,0.5314882425635262
474,1.0,0.9280204720122356,surrogate,,,1.0003452467609737,32.67035654753385,0.4675272770526364
475,1.0,0.970131776242265,surrogate,,,1.0003434759566425,32.82785285267989,0.34583826674794965
476,1.0,1.0067190138914048,surrogate,,,1.0003422319392448,32.95764197212162,0.5112510761579634
477,1.0,0.9114843815358954,surrogate,,,1.0003459838321433,32.61694791954516,0.36238208512738024
478,1.0,0.9152143885532843,surrogate,,,1.0003458572251447,32.633627030081875,0.4518483773045025
479,1.0,1.0863573258431545,surrogate,,,1.000338555812431,33.250307435009915,0.4785087092340857
480,1.0,0.909450161229036,surrogate,,,1.0003459838321431,32.61694791954516,0.41691976646331724
481,1.0,1.075776691812367,surrogate,,,1.000338555812431,33.250307435009915,0.3202763225539502
482,1.0,0.9128975691672241,surrogate,,,1.0003459838321433,32.61694791954516,0.5480527133481211
483,1.0,0.9390584113163265,surrogate,,,1.0003449185526072,32.7084149094124,0.54391513473698
484,1.0,1.0710394517133184,surrogate,,,1.000338555812431,33.250307435009915,0.49558734071100835
485,1.0,0.9489418249991007,surrogate,,,1.0003444644474313,32.747535327897275,0.5012161479071902
486,1.0,1.0216535891880303,surrogate,,,1.000342047084092,32.975622619583085,0.33749091153035543
487,1.0,1.016246438088755,surrogate,,,1.000342203853113,32.96016772840922,0.5784819187155464
488,1.0,1.0396392699180492,surrogate,,,1.0003402839615043,33.126929561005205,0.37168051792882684
489,1.0,1.09627776136398,surrogate,,,1.000338555812431,33.250307435009915,0.46541078478879694
490,1.0,1.055871245115953,surrogate,,,1.0003398693532173,33.1633747542793,0.540344265215851
491,1.0,1.0445184816536093,surrogate,,,1.0003402839615043,33.126929561005205,0.3366712425866507
492,1.0,1.0696294523530911,surrogate,,,1.0003393621718093,33.19980104826705,0.35053120168616025
493,1.0,1.0437565311409824,surrogate,,,1.0003402839615043,33.126929561005205,0.39226958343084245
494,1.0,1.0972460110547657,surrogate,,,1.000338555812431,33.25030743500992,0.4913163169963547
495,1.0,0.9711744650032549,surrogate,,,1.0003434759566425,32.82785285267989,0.47426063261284457
496,1.0,0.9121470367576913,surrogate,,,1.0003459838321431,32.61694791954516,0.3668561817129134
497,1.0,0.9760178994121599,surrogate,,,1.0003432507076506,32.8546133899879,0.4397724028081218
498,1.0,0.9638484217147043,surrogate,,,1.0003438582391408,32.791889545241446,0.5709463787314902
499,1.0,0.9411708920968759,surrogate,,,1.0003449185526072,32.7084149094124,0.5732512545805515
500,1.0,0.9629054706550817,surrogate,,,1.0003438582391408,32.79188954524145,0.4436874903994136
