lid_velocity,viscosity,lid_time_step,velocity_magnitude,pressure,pred_velocity,pred_pressure
1.51,0.001048,1,0.2756814422557028,0.9642561033876434,0.27542064442272907,0.9641980708032151
1.52,0.001039,2,0.2778774007677408,0.9634737367058992,0.2777594331190371,0.9634852786249803
1.53,0.001052,3,0.2801398930835062,0.9629294440029644,0.27984375407907486,0.9629965147691304
1.54,0.001037,4,0.2825465608650747,0.9619788960013482,0.28153410725819944,0.9621400810726165
1.56,0.001042,5,0.2854522012221798,0.9611169248339158,0.28564517879264406,0.961022766988323
1.56,0.001039,6,0.2861853744083728,0.9608394846723866,0.2859355813879337,0.9609072813748686
1.58,0.001026,7,0.2891918324663134,0.9596906265671852,0.2894483903414281,0.9595957718825325
1.59,0.001032,8,0.2906303180142325,0.9593020845876352,0.2907408550746553,0.9592106575619915
1.59,0.001021,9,0.2915380217127767,0.95884480444293,0.2911024329510625,0.9589910082842154
1.6,0.001014,10,0.2933981495212742,0.9581250828942898,0.29334252370849095,0.9581426865297918
1.6,0.001018,11,0.2939142167549569,0.9580107319011302,0.29344515672506943,0.9581310155298571
1.61,0.0009985,12,0.2947406511734395,0.957456031212382,0.2943912966675332,0.9575341861122771
1.61,0.0009918,13,0.2944793400258363,0.9574528818852722,0.29429820580294314,0.957515763036427
1.61,0.0009915,14,0.2942387053642775,0.9575300678852984,0.2941971392450885,0.9575481811564382
1.6,0.0009899,15,0.2935132295301282,0.9577503610932242,0.29286784331196714,0.9579707141765509
1.59,0.0009768,16,0.290079325997479,0.9587152925771464,0.2901558734201841,0.9587753115704362
1.58,0.0009734,17,0.2885152993012557,0.9591898513929532,0.2887063829343446,0.959139527972968
1.57,0.0009623,18,0.2861489447766786,0.959816593905911,0.286598120928054,0.9597500341986178
1.56,0.0009648,19,0.2849618956358021,0.960240426254116,0.28499465307268007,0.9602526619566902
1.57,0.0009568,20,0.2861256543776467,0.9597471146408018,0.2865315904241147,0.9597364721742474
1.54,0.0009523,21,0.2802951555035846,0.9615816070348584,0.28018746435361874,0.9617180656020673
1.53,0.0009534,22,0.2785657617198266,0.9621472889374982,0.27840158650858254,0.9623338786515565
1.52,0.0009487,23,0.2773434008792874,0.9624738633447122,0.27724109100317873,0.9626608422820404
1.52,0.000952,24,0.276473253874692,0.9627901994004042,0.2768553100039688,0.9628018517532559
1.5,0.0009533,25,0.2725624333096788,0.9640297925428918,0.27275462565744946,0.9639999873660269
1.48,0.0009547,26,0.269294038270051,0.9650501772447808,0.2691783055852003,0.9651105561156866
1.47,0.0009543,27,0.266742711316212,0.9658113640425268,0.2668603231385539,0.9657872863363731
1.47,0.0009527,28,0.26664286554801,0.965822413146196,0.26676536446146837,0.9658073716779437
1.45,0.0009586,29,0.2627563364599889,0.967045111698104,0.26244293542397185,0.967149271620503
1.45,0.0009647,30,0.2629028943001395,0.9670750263081852,0.2625403803153027,0.9671607334783772
1.43,0.0009553,31,0.2596011047853733,0.967928717723568,0.2594408281487564,0.9680241616069513
1.43,0.0009705,32,0.2595726432200121,0.9681132776530524,0.2594757605707516,0.9681255402132151
1.41,0.0009756,33,0.2552795502251717,0.9693918474692818,0.2555905123050459,0.9693174393924202
1.42,0.0009809,34,0.2573582483438401,0.9688647616216268,0.25790589386789115,0.9687303893862016
1.41,0.0009845,35,0.2559726465719106,0.9692966740697933,0.2560236464120519,0.9692774397497546
1.4,0.0009882,36,0.253418526370784,0.9700509624041044,0.25371018647800897,0.969985146061348
1.41,0.0009987,37,0.2560411057736186,0.9694372820511572,0.256087420375706,0.9694048272306668
1.39,0.0009997,38,0.2531479179263393,0.9702541982127016,0.25337176169063375,0.9702114126712309
1.4,0.001011,39,0.2552746001578196,0.969788675554338,0.25491296663832785,0.969881160725853
1.41,0.001019,40,0.2572159047009894,0.9693385849995052,0.2569376640452347,0.9694216508099918
1.42,0.001025,41,0.2583505757348467,0.9690855272963304,0.2586446379528791,0.9690096193790255
1.42,0.001036,42,0.2594334614959649,0.9688959478866632,0.25921996063315084,0.9689626695661342
1.42,0.001041,43,0.2587256127117381,0.9691531011161206,0.25895097809514456,0.9690603877933275
1.42,0.001029,44,0.2592208764740306,0.9688765447997014,0.25896641792166175,0.9689378020393745
1.44,0.001039,45,0.2631294308315295,0.967882621529028,0.26284197746347593,0.9679479116445786
1.46,0.00104,46,0.2666516963818664,0.9668620971435704,0.26618273620299254,0.9669893879529597
1.47,0.001053,47,0.2687367065736797,0.9664100493384136,0.268707895958881,0.9663904281222875
1.47,0.001058,48,0.2679674612731013,0.9666950910314516,0.2681063020979017,0.966606153183845
1.49,0.001055,49,0.2715305772053898,0.9655985323106908,0.2709158968760241,0.9656578816894988
1.5,0.001054,50,0.2737631922263089,0.9649175704833604,0.27364771156570616,0.9648528854005203
1.52,0.001052,51,0.2776761733617611,0.9636923290262314,0.27786542712072637,0.9635281916874718
1.53,0.001045,52,0.279090828603086,0.9631659587570746,0.279220063500821,0.9631329876882941
1.53,0.001049,53,0.2795592409194871,0.9630773133607128,0.27958886829030916,0.9630611054392587
1.55,0.001042,54,0.2842406932129196,0.9615079469441123,0.2837394000591355,0.9615907122949858
1.55,0.001048,55,0.2838995940537645,0.9616886047152494,0.2837421548042121,0.9616611668501814
1.56,0.001043,56,0.2866493777761092,0.9607410435991436,0.2861241927287687,0.9608722630856594
1.57,0.001023,57,0.2882981805974055,0.9599382056771488,0.2877905964459042,0.9600623715509394
1.58,0.001025,58,0.2898639041006498,0.9594611176032108,0.2897172189951621,0.9595039682969435
1.58,0.001021,59,0.2901779159310759,0.95930320971364,0.28998862777111045,0.9593674599569144
1.59,0.001019,60,0.2904286876649988,0.9591828145035202,0.29061683368737923,0.9591385287587733
1.6,0.001006,61,0.2920773375381085,0.9584649480519484,0.2923796016097833,0.9583732825187655
1.6,0.0009954,62,0.2920159071954168,0.9583303783884354,0.2921030484738536,0.9582810579328854
1.6,0.0009878,63,0.2922958336709598,0.9581277886617636,0.29246818285025694,0.9580840124584266
1.61,0.000984,64,0.2942791159413057,0.957406785949964,0.2941480246528282,0.9574876363743079
1.6,0.000991,65,0.2919004446006139,0.9583062016610084,0.29222998409850304,0.9581908474715856
1.58,0.0009755,66,0.2888626606104755,0.9591032895917134,0.2889250921871407,0.9590991087885637
1.58,0.0009682,67,0.2890451932408915,0.9589401107803996,0.28883992657678037,0.9590287348832294
1.58,0.0009651,68,0.2881538433109981,0.9591926788616848,0.28832388303801154,0.9591730045781162
1.56,0.0009664,69,0.2847610019478743,0.9603268012616716,0.2849183134712673,0.9602854844595612
1.56,0.0009566,70,0.2845304690087877,0.96026964904529,0.28463472865972506,0.9602705295075066
1.55,0.0009547,71,0.2820025180380239,0.9610649586940953,0.28239507305197015,0.9612069107503595
1.54,0.0009613,72,0.2800390425115806,0.9617829724548744,0.2801825746333735,0.9617939349069603
1.53,0.0009549,73,0.2778431416630804,0.9623972946406816,0.27822363655545734,0.9624003064191181
1.51,0.0009545,74,0.2749592613154029,0.963298934478785,0.2747436555203949,0.9636292370331551
1.5,0.0009427,75,0.2718500637710114,0.9641145704589716,0.27232199450528394,0.9640554432336762
1.48,0.00096,76,0.2696760424854503,0.9649972449893708,0.26934997891427254,0.9650827194996172
1.48,0.0009443,77,0.2695024604364954,0.9648546632956304,0.2691650076395206,0.9650222104235862
1.47,0.0009446,78,0.2659141016163414,0.965943050210302,0.26634453862876883,0.9658711623450641
1.44,0.0009632,79,0.2620223836350521,0.9673158572640028,0.2618147301253752,0.9674025849728646
1.44,0.0009596,80,0.2614084372249696,0.9674536012882718,0.2615391400606571,0.9674457964298965
1.44,0.0009721,81,0.2610280480988435,0.9677108300892182,0.2615026479582262,0.9675877208054179
1.43,0.0009611,82,0.2591700560282965,0.9681202737797314,0.25934251830874133,0.968071130577763
1.42,0.0009827,83,0.2585197158385851,0.9685551020085496,0.25838209554073627,0.9686034289448398
1.41,0.0009864,84,0.2563284223396005,0.969218608674689,0.256144610173066,0.9692508975154192
1.41,0.0009755,85,0.255720346342125,0.9692666599689488,0.2555905123050459,0.9693174393924202
1.4,0.0009807,86,0.2543827092166758,0.9697008469221708,0.2541155444286351,0.9698266534722575
1.4,0.0009928,87,0.2540284504058817,0.9699321987944988,0.2539297591306444,0.96994239116189
1.41,0.0009973,88,0.2561915231192945,0.9693793207693135,0.2561430747936061,0.9693833815563848
1.39,0.001018,89,0.2532171109852374,0.9704328985490004,0.2537917911794064,0.9702587816745998
1.41,0.001022,90,0.2561459077918372,0.9696543133033002,0.25645616543611605,0.969563728546699
1.4,0.001021,91,0.2552340493717547,0.9698991669204772,0.255021118388986,0.9699186690313855
1.41,0.001029,92,0.2572336650089328,0.9694282183537588,0.2569698977712632,0.9694700125900094
1.42,0.001024,93,0.259513546772818,0.9687457041441334,0.25913308578882693,0.9688668936551044
1.44,0.001042,94,0.2623929215167772,0.9681277180800651,0.26251937575124035,0.9680610845771962
1.43,0.001047,95,0.261099289342547,0.9685460940600258,0.2605334790817779,0.9685794465280836
1.44,0.001043,96,0.2630840253938979,0.9679424785726572,0.26283728353471575,0.9679758744037882
1.46,0.001056,97,0.2663342503468122,0.9671498018131748,0.266270682409116,0.9670848040287097
1.47,0.001049,98,0.2691186426904494,0.96624713125316,0.2688889056861185,0.9663087603428714
1.48,0.001042,99,0.2698246158047554,0.9659466924316462,0.2696887508569088,0.9656705896690768
1.5,0.00105,100,0.2749308894715327,0.9645095255599307,0.2743909266238686,0.9645971417703069
1.52,0.00105,101,0.2774213506738854,0.9637440636113556,0.2777822092350266,0.9635496232131575
1.52,0.001056,102,0.2777035931828555,0.9637325598593371,0.27786542712072637,0.9635281916874718
1.53,0.001052,103,0.2803775322090391,0.9628583856759242,0.27984375407907486,0.9629965147691304
1.54,0.001046,104,0.282831637734294,0.9620111078063224,0.28159192625813706,0.9621502422643654
1.55,0.001031,105,0.2839663798363105,0.9614502353790222,0.28365198613067033,0.9616003307978275
1.57,0.001037,106,0.288248115465348,0.96014584156553,0.2876864442574847,0.9601126116102163
1.58,0.001027,107,0.2899187073733364,0.9594635473546256,0.28943931330444267,0.9596003446839796
1.58,0.001036,108,0.2890656213114301,0.95987201291932,0.28947574715453683,0.9595909835142328
1.6,0.001028,109,0.2929695379688173,0.9584607982574536,0.2933814950537472,0.9581580352844283
1.6,0.001016,110,0.2936336251320482,0.9580759974100505,0.2935231472402799,0.9581026636821862
1.6,0.00101,111,0.293195015324997,0.9581468410972368,0.2924887213285294,0.958359247990072
1.6,0.0009944,112,0.2928451876977367,0.9580368234349104,0.2921030484738536,0.9582810579328854
1.59,0.0009879,113,0.2915468595789018,0.9583812489859236,0.2901780384969189,0.9587694365312823
1.59,0.000983,114,0.2906297328046319,0.9586202717791572,0.2901780384969189,0.9587694365312823
1.59,0.0009858,115,0.2910082521734021,0.9585331589134474,0.2901780384969189,0.9587694365312823
1.58,0.0009818,116,0.289227191065968,0.9590700471658248,0.28913550405968236,0.9590950991675284
1.58,0.0009643,117,0.2890527324380689,0.9588881065457328,0.28832388303801154,0.9591730045781162
1.58,0.0009703,118,0.2883152016057858,0.9592120119916973,0.28887607217580624,0.9590284521363565
1.58,0.0009577,119,0.287563678194326,0.9592897016744636,0.28804215857408766,0.959249437798376
1.56,0.0009503,120,0.2843292882542898,0.9602488657611408,0.28445777209177153,0.9603262011829231
1.54,0.0009477,121,0.280483528732964,0.961459411469874,0.2801961658236647,0.9617149022415105
1.53,0.0009497,122,0.2786317886480238,0.96207872778666,0.27847418564884147,0.9623046642863105
1.52,0.0009516,123,0.2757393192911315,0.9630173923390164,0.2768553100039688,0.9628018517532559
1.52,0.0009404,124,0.2767780301405291,0.9625445954597756,0.27724109100317873,0.9626608422820404
1.49,0.0009535,125,0.2715851183084328,0.9643326611104194,0.27078592425439785,0.9649851844386171
1.49,0.0009598,126,0.2712224029339354,0.9645221964716112,0.27095228421106976,0.9649476654370052
1.48,0.0009593,127,0.2699142688954384,0.964917600416599,0.26934997891427254,0.9650827194996172
1.46,0.0009578,128,0.2660318118929796,0.966067858083166,0.26609327419024636,0.9664110017678977
1.46,0.00095,129,0.2645367704074113,0.9664183297847816,0.26600833726910084,0.9664202339635914
1.44,0.0009639,130,0.2621702345992204,0.9672815494333016,0.2618147301253752,0.9674025849728646
1.44,0.0009644,131,0.2610975071548795,0.9676005915822666,0.26188686734669026,0.9674180732707434
1.42,0.0009708,132,0.2584433588201917,0.9684400384537032,0.25833034234010005,0.9685679208145046
1.42,0.0009792,133,0.2578778567624359,0.9686975355393472,0.25790589386789115,0.9687303893862016
1.4,0.0009723,134,0.2538960467166909,0.9697437275594192,0.2541155444286351,0.9698266534722575
1.41,0.0009894,135,0.2558943403096624,0.969374106969291,0.25620180397511033,0.9692602164806853
1.4,0.0009811,136,0.2536268853978001,0.9699168622789652,0.2541155444286351,0.9698266534722575
1.41,0.001002,137,0.2562336119841616,0.9694217160906314,0.2561122855382876,0.969405665449261
1.41,0.00101,138,0.2562080045689485,0.969515463663616,0.2568107325421696,0.9693841028669787
1.39,0.001009,139,0.2530059230031614,0.9703876767561436,0.2537556974080835,0.9702395279307896
1.41,0.001007,140,0.2554751768696673,0.9696859082986236,0.25615839226855625,0.9694152406578368
1.41,0.001023,141,0.2575686687430906,0.9692828338866374,0.25645616543611605,0.969563728546699
1.41,0.00103,142,0.2575467432604323,0.9693510625778816,0.2569698977712632,0.9694700125900094
1.43,0.001028,143,0.2604319882923001,0.9685258449432176,0.25991032052003865,0.9685964155237713
1.43,0.00103,144,0.2608802522959387,0.9684210879504545,0.2599071171089646,0.9686024252734725
1.44,0.001049,145,0.2618699948125999,0.9683524959713052,0.26278465249194644,0.9679921304733352
1.45,0.001035,146,0.264535211431469,0.9674183821409614,0.2629477084104897,0.9676824389183619
1.46,0.001043,147,0.267262458597797,0.9667225035888825,0.26624271882607237,0.9669775738380573
1.47,0.001053,148,0.2685871566954715,0.9664472840851082,0.268707895958881,0.9663904281222875
1.5,0.001059,149,0.2735372767603117,0.9650413013755476,0.27331281931256834,0.96495502967462
1.5,0.001043,150,0.2739939296067747,0.964708403813062,0.2744359597909188,0.9645819364399695
1.51,0.001054,151,0.2770086099520467,0.9639227834748124,0.27510879782201697,0.9643101322912245
1.53,0.001045,152,0.2800769410387803,0.9628654178736497,0.279220063500821,0.9631329876882941
1.53,0.001056,153,0.2809394766073477,0.9627324154140938,0.27984375407907486,0.9629965147691304
1.55,0.001038,154,0.2830296520199259,0.9618335512232352,0.28365198613067033,0.9616003307978275
1.55,0.001044,155,0.2846962713301494,0.9613888753057483,0.28393608122138453,0.9615720514197206
1.57,0.001041,156,0.2885559225869895,0.960098364954408,0.2876057952070036,0.9601431300279846
1.59,0.001042,157,0.2907199816888181,0.9594038115333368,0.2907408550746553,0.9592106575619915
1.58,0.001024,158,0.2895585388021647,0.9595486458995252,0.2896569431366046,0.959508829289292
1.6,0.001012,159,0.2929718450076039,0.9582466943789144,0.29334252370849095,0.9581426865297918
1.6,0.001008,160,0.2923313566180714,0.958394936491068,0.29249350018335574,0.9583541037295269
1.61,0.001009,161,0.2945404755621401,0.9576780368843688,0.2943643277155171,0.9575655635536028
1.6,0.0009949,162,0.2937697808896776,0.9577323312610488,0.2921030484738536,0.9582810579328854
1.6,0.0009919,163,0.2930355240796507,0.9579367427048022,0.2922595608071039,0.9581887342169381
1.6,0.0009906,164,0.2931100283966159,0.9578937182005808,0.2922227293401615,0.9581930504036648
1.6,0.0009832,165,0.2920277487961963,0.9581546349836868,0.2925155073597756,0.958066156652758
1.58,0.0009863,166,0.2893363402344054,0.9590958605040916,0.28913550405968236,0.9590950991675284
1.59,0.0009774,167,0.2901114805992305,0.9587130577604388,0.2901558734201841,0.9587753115704362
1.57,0.000973,168,0.286307888974397,0.9599113570096076,0.2869067976130234,0.9597452593871768
1.58,0.0009735,169,0.2882004865890366,0.9592950197524244,0.2887063829343446,0.959139527972968
1.55,0.000958,170,0.2824892805689039,0.9609510998891964,0.2824211074273952,0.9612323069587745
1.55,0.0009594,171,0.2823743486763763,0.9610076515392748,0.2824430664358802,0.9612261637369166
1.53,0.0009439,172,0.277930316652709,0.96222541817032,0.27847418564884147,0.9623046642863105
1.53,0.0009538,173,0.2789523713366885,0.9620303610769122,0.2784837797758859,0.9623103043659731
1.52,0.0009502,174,0.2764687021311073,0.9627693585695686,0.27724109100317873,0.9626608422820404
1.51,0.0009559,175,0.2743563131663666,0.9635067126097444,0.2747436555203949,0.9636292370331551
1.5,0.000959,176,0.2721306559712837,0.9642345024945018,0.2730893304229346,0.9639339849694867
1.48,0.0009567,177,0.2692380174118565,0.9650902996901431,0.2692086373545747,0.9651023044341183
1.47,0.0009451,178,0.2664434918609977,0.9657909212127072,0.26634453862876883,0.9658711623450641
1.44,0.0009585,179,0.2618534595625358,0.9673095228532974,0.26168740897650933,0.9674008625749779
1.43,0.0009683,180,0.2599330932334201,0.9679838191125676,0.2594757605707516,0.9681255402132151
1.43,0.0009605,181,0.2597240298330113,0.9679536126432036,0.25934251830874133,0.968071130577763
1.43,0.0009761,182,0.2589439564665836,0.9683577270542606,0.25911851251640244,0.9682618930914987
1.42,0.000977,183,0.2579850686102562,0.9686414331984172,0.25790589386789115,0.9687303893862016
1.41,0.0009805,184,0.2565011640772195,0.9691019159930684,0.2558190992087462,0.9693043707504425
1.4,0.000978,185,0.2545391174179254,0.9696265809907788,0.2541155444286351,0.9698266534722575
1.4,0.0009958,186,0.2535478754974185,0.9701024543342808,0.2539081104550888,0.9699586500265777
1.4,0.0009951,187,0.2551277917264429,0.96965307934441,0.2539081104550888,0.9699586500265777
1.41,0.001002,188,0.2556099511706761,0.9695883342315208,0.2561122855382876,0.969405665449261
1.4,0.001016,189,0.254547425622879,0.9700421573441164,0.254851190631271,0.9699490223658894
1.41,0.001025,190,0.2572441921163828,0.9693904764101032,0.2564586518792281,0.969576277216294
1.4,0.001029,191,0.255640592848108,0.9698772492420936,0.2550515866096681,0.9699128035098842
1.42,0.001027,192,0.2590432950107563,0.9689105887821222,0.25861829762598826,0.9690213950380262
1.41,0.001033,193,0.2577063666248802,0.9693465451850812,0.2569698977712632,0.9694700125900094
1.43,0.001032,194,0.2605751263671839,0.9685278652182266,0.2600045768274652,0.9685853631266028
1.45,0.00104,195,0.2641052386857234,0.9676092233700102,0.2629477084104897,0.9676824389183619
1.45,0.001054,196,0.2647775612781006,0.9675700666380892,0.26292798673096046,0.9677316026629722
1.46,0.001048,197,0.2673551037847252,0.9667520042693298,0.26667127903540844,0.9669005094862955
1.47,0.00104,198,0.2690473613736666,0.9661632220279908,0.2681234339082552,0.9663420914394881
1.49,0.001054,199,0.2715335136050424,0.9655911078593792,0.2712507891291619,0.965555737415399
1.5,0.001051,200,0.2734939545777163,0.9649564065799736,0.2743909266238686,0.9645971417703069
1.52,0.001046,201,0.2780440532678151,0.9635061468297016,0.2777280120311183,0.9635580747375174
1.53,0.001052,202,0.2802014647420458,0.9629047918994648,0.27984375407907486,0.9629965147691304
1.56,0.001043,203,0.2858202210922073,0.9610070828658088,0.2861241927287687,0.9608722630856594
1.58,0.001041,204,0.2890430539430904,0.9599500569783956,0.28947574715453683,0.9595909835142328
1.58,0.001044,205,0.2890886904103395,0.959970478047985,0.28947574715453683,0.9595909835142328
1.61,0.001029,206,0.2944657630119349,0.957977003414478,0.29431552651154497,0.9576135430105066
1.6,0.001037,207,0.2943624477406842,0.9581247069378964,0.2933814950537472,0.9581580352844283
1.62,0.00103,208,0.2970755812123912,0.9571074330150864,0.29431552651154497,0.9576135430105066
1.63,0.00102,209,0.2985867410300375,0.9564489951439832,0.29430947760106796,0.9576099649079832
1.65,0.001018,210,0.3032385159810841,0.9548118481452076,0.2943957168712368,0.9575754292421604
1.64,0.001008,211,0.3015299151223647,0.9552629657454752,0.2943691065703435,0.9575604192930578
1.65,0.0009933,212,0.3030135304815558,0.9545303713185366,0.2942855418314921,0.9575220467439277
1.67,0.001005,213,0.306612961363062,0.9534328835949089,0.2943691065703435,0.9575604192930578
1.67,0.0009818,214,0.3054734040565542,0.9534890587174846,0.2941480246528282,0.9574876363743079
1.67,0.0009877,215,0.306333654063907,0.9532715465390068,0.2941007001433095,0.9575054921799765
1.67,0.0009769,216,0.3060647576810745,0.953204291225635,0.2941480246528282,0.9574876363743079
1.66,0.0009766,217,0.3042444351094031,0.9538467911829864,0.2941480246528282,0.9574876363743079
1.67,0.0009629,218,0.305370287215317,0.953238443797796,0.2941480246528282,0.9574876363743079
1.66,0.0009643,219,0.3047878121636175,0.9534674445476709,0.2941480246528282,0.9574876363743079
1.66,0.0009646,220,0.3049943813461984,0.9533981438706076,0.2941480246528282,0.9574876363743079
1.66,0.0009509,221,0.3035546227303367,0.953702856558948,0.2941480246528282,0.9574876363743079
1.64,0.0009634,222,0.3007570591167836,0.9548776578284262,0.2941480246528282,0.9574876363743079
1.64,0.0009533,223,0.300602102927355,0.95478074151026,0.2941480246528282,0.9574876363743079
1.63,0.0009412,224,0.2976791158071104,0.9556217404968748,0.2941480246528282,0.9574876363743079
1.63,0.0009455,225,0.2974701985296147,0.9557569845564436,0.2941480246528282,0.9574876363743079
1.61,0.0009434,226,0.2940582745526314,0.956900892677004,0.2941480246528282,0.9574876363743079
1.62,0.000961,227,0.2960044018871285,0.9564889196272798,0.2941480246528282,0.9574876363743079
1.6,0.000959,228,0.2924178917919903,0.9576826753595168,0.2924933422830408,0.9580720316919118
1.61,0.0009491,229,0.2933379981358459,0.9572286291075875,0.2941480246528282,0.9574876363743079
1.58,0.000962,230,0.2893935035233528,0.9587403693780648,0.2880850513926579,0.9592452970093049
1.59,0.0009651,231,0.2909584282971284,0.9582592556533144,0.2896349954045536,0.958894053058532
1.59,0.000972,232,0.2907358602084692,0.9584337933069652,0.2898031740179481,0.9588823801900417
1.58,0.0009716,233,0.2888639827333072,0.9590473990411664,0.2887242609283093,0.9591097883738254
1.58,0.0009835,234,0.2878426031770921,0.959551620712138,0.28913550405968236,0.9590950991675284
1.58,0.0009872,235,0.2887822466718608,0.959292138716808,0.28913550405968236,0.9590950991675284
1.59,0.0009959,236,0.2911636538328289,0.9586220582515984,0.29015764207710515,0.9587962053204153
1.59,0.0009927,237,0.2901765158166653,0.9589051349783738,0.29015782419570635,0.958786048856308
1.59,0.000994,238,0.2918709651487811,0.9583587749410633,0.2901463148502033,0.9587925743310829
1.6,0.001008,239,0.2925867560749891,0.958314868006556,0.29249350018335574,0.9583541037295269
1.6,0.001017,240,0.2922756598570769,0.9585386533607352,0.29346375800315433,0.9581238183143708
1.61,0.001013,241,0.294916633166339,0.957600659273283,0.29445629399396667,0.9575462079827932
1.63,0.001033,242,0.2988134491022847,0.9565706311709856,0.29431552651154497,0.9576135430105066
1.64,0.001028,243,0.3014437797042598,0.9555926573223726,0.29431552651154497,0.9576135430105066
1.64,0.001043,244,0.3020600070666805,0.9555873589634778,0.29431552651154497,0.9576135430105066
1.68,0.001034,245,0.30820753024515,0.9532992072276444,0.29431552651154497,0.9576135430105066
1.68,0.001039,246,0.3097334030634914,0.952839681520872,0.29431552651154497,0.9576135430105066
1.7,0.001046,247,0.312281665864804,0.9520295323059232,0.29431552651154497,0.9576135430105066
1.72,0.001042,248,0.3163241491168531,0.9504941329614928,0.29431552651154497,0.9576135430105066
1.73,0.001046,249,0.3192929194358906,0.949457352829272,0.29431552651154497,0.9576135430105066
1.74,0.001054,250,0.3217585909221765,0.9486671703482572,0.29431552651154497,0.9576135430105066
1.76,0.001059,251,0.3245842746244257,0.9476972777626071,0.29431552651154497,0.9576135430105066
1.79,0.001052,252,0.3300515093718992,0.9454878357146872,0.29431552651154497,0.9576135430105066
1.8,0.001044,253,0.3329706901730488,0.94421278270925,0.29431552651154497,0.9576135430105066
1.81,0.001046,254,0.3346062025561134,0.943603542812424,0.29431552651154497,0.9576135430105066
1.84,0.001035,255,0.3404064205851743,0.9411142880410902,0.29431552651154497,0.9576135430105066
1.85,0.001038,256,0.3429088905054488,0.9401468067265168,0.29431552651154497,0.9576135430105066
1.86,0.001028,257,0.3438745888567727,0.9395814403141176,0.29431552651154497,0.9576135430105066
1.87,0.001017,258,0.3461192365062822,0.9384618938917938,0.2943957168712368,0.9575754292421604
1.89,0.001018,259,0.3505518459381078,0.936638353930493,0.2943957168712368,0.9575754292421604
1.9,0.001022,260,0.3534612827721769,0.9354860356610794,0.2943316642820235,0.9576032047067714
1.91,0.001004,261,0.3548638478391425,0.9345507529678302,0.2943691065703435,0.9575604192930578
1.91,0.0009987,262,0.3549452964322903,0.9344185804594288,0.2943912966675332,0.9575341861122771
1.91,0.0009935,263,0.3534890730816509,0.9349406348891888,0.2942855418314921,0.9575220467439277
1.92,0.0009941,264,0.3571380904735503,0.9333874077607476,0.29423627317488366,0.957539596673991
1.92,0.0009781,265,0.3558574033311217,0.9336356137370452,0.2941480246528282,0.9574876363743079
1.93,0.0009835,266,0.358067100169993,0.9327868059657252,0.2941480246528282,0.9574876363743079
1.92,0.0009695,267,0.3558652133701337,0.9334696413495488,0.2941480246528282,0.9574876363743079
1.92,0.0009675,268,0.3562289243005256,0.9332737343220988,0.2941480246528282,0.9574876363743079
1.91,0.0009651,269,0.3536937394038808,0.9343191162151162,0.2941480246528282,0.9574876363743079
1.9,0.0009594,270,0.3515976761232909,0.9351054092859868,0.2941480246528282,0.9574876363743079
1.9,0.000955,271,0.3514746303154749,0.9350764109307508,0.2941480246528282,0.9574876363743079
1.89,0.0009618,272,0.349279864017908,0.9361289884016982,0.2941480246528282,0.9574876363743079
1.9,0.0009473,273,0.3506252940622739,0.9352917560873332,0.2941480246528282,0.9574876363743079
1.89,0.0009531,274,0.3497575676678884,0.9357668581786412,0.2941480246528282,0.9574876363743079
1.88,0.0009485,275,0.3465459461996373,0.9370308592713182,0.2941480246528282,0.9574876363743079
1.88,0.0009551,276,0.3469087720820654,0.9370000810784612,0.2941480246528282,0.9574876363743079
1.85,0.0009604,277,0.3421534087339596,0.939073391194605,0.2941480246528282,0.9574876363743079
1.86,0.0009549,278,0.344104815354762,0.9381655292171532,0.2941480246528282,0.9574876363743079
1.85,0.0009596,279,0.3425978585086098,0.9388757920127364,0.2941480246528282,0.9574876363743079
1.84,0.0009565,280,0.3393074596356651,0.940167215404185,0.2941480246528282,0.9574876363743079
1.83,0.00097,281,0.3382183014916058,0.9408473803256566,0.2941480246528282,0.9574876363743079
1.83,0.0009633,282,0.3369931792085602,0.9412250797730116,0.2941480246528282,0.9574876363743079
1.82,0.0009734,283,0.3368336942684609,0.9414664470920764,0.2941480246528282,0.9574876363743079
1.82,0.0009867,284,0.3363079437407008,0.9419100630463536,0.29410835900742127,0.9575020564285438
1.83,0.0009773,285,0.3381543500227754,0.9410016710658756,0.2941480246528282,0.9574876363743079
1.83,0.0009943,286,0.3376246038318162,0.9415148319415628,0.29423627317488366,0.957539596673991
1.83,0.001,287,0.3381204120042758,0.9414192998091144,0.29436968298927146,0.9575435349139437
1.85,0.001003,288,0.3417062715973014,0.9400222346394476,0.2943691065703435,0.9575604192930578
1.85,0.001013,289,0.3426223011541742,0.9398199014326792,0.29445629399396667,0.9575462079827932
1.86,0.001012,290,0.3452001860999234,0.9387557638475112,0.29445629399396667,0.9575462079827932
1.87,0.00102,291,0.3468304929427749,0.9382188480807934,0.29430947760106796,0.9576099649079832
1.87,0.001035,292,0.3474389398117596,0.9382353525131426,0.29431552651154497,0.9576135430105066
1.89,0.001029,293,0.3502851598144722,0.9369547218067434,0.29431552651154497,0.9576135430105066
1.89,0.001042,294,0.3515472261242653,0.9366608735238188,0.29431552651154497,0.9576135430105066
1.92,0.00104,295,0.3571122491429486,0.9342772050453338,0.29431552651154497,0.9576135430105066
1.94,0.001047,296,0.3605790116503646,0.93291875531894,0.29431552651154497,0.9576135430105066
1.95,0.00105,297,0.3631588906963923,0.9318555178513837,0.29431552651154497,0.9576135430105066
1.96,0.001041,298,0.3647770449954499,0.9309789612184896,0.29431552651154497,0.9576135430105066
1.98,0.001043,299,0.367981243522839,0.9296089268835336,0.29431552651154497,0.9576135430105066
2.0,0.001052,300,0.3727123037734743,0.9276801379439924,0.29431552651154497,0.9576135430105066
2.01,0.001047,301,0.37469424580215,0.9266737914644926,0.29431552651154497,0.9576135430105066
2.03,0.001056,302,0.378762818864664,0.9249991485184536,0.29431552651154497,0.9576135430105066
2.04,0.001045,303,0.3799978733615487,0.924224307594511,0.29431552651154497,0.9576135430105066
2.06,0.001049,304,0.3842096949137629,0.9223569131060736,0.29431552651154497,0.9576135430105066
2.06,0.001037,305,0.3851022691870658,0.9216914647447442,0.29431552651154497,0.9576135430105066
2.06,0.001037,306,0.3848900295702206,0.9217844891970114,0.29431552651154497,0.9576135430105066
2.09,0.00103,307,0.3898560303148446,0.9192857125753392,0.29431552651154497,0.9576135430105066
2.08,0.001019,308,0.3877334636853939,0.9200960274945011,0.29430947760106796,0.9576099649079832
2.1,0.00103,309,0.3925042487488577,0.9180439747708712,0.29431552651154497,0.9576135430105066
2.09,0.001013,310,0.3900182178502116,0.9188571769644132,0.29445629399396667,0.9575462079827932
2.11,0.001013,311,0.3937876249968176,0.9170566943321224,0.29445629399396667,0.9575462079827932
2.1,0.001008,312,0.3928672316227469,0.9173972741898898,0.2943691065703435,0.9575604192930578
2.11,0.001001,313,0.393997974838091,0.9167005792008804,0.29437214020297925,0.9575489177004841
2.09,0.0009807,314,0.390745117778965,0.917841655812194,0.2941480246528282,0.9574876363743079
2.09,0.0009879,315,0.3900073085313831,0.9183472336285136,0.2940841318067284,0.9575560377734633
2.09,0.0009827,316,0.3892028863329741,0.9186171181551748,0.2941480246528282,0.9574876363743079
2.08,0.0009642,317,0.3885456773267968,0.9185456338750848,0.2941480246528282,0.9574876363743079
2.07,0.0009615,318,0.3865574707067271,0.919434128880576,0.2941480246528282,0.9574876363743079
2.07,0.000968,319,0.3852990406194058,0.9201653026209626,0.2941480246528282,0.9574876363743079
2.06,0.0009551,320,0.3832021245311287,0.9208847930467712,0.2941480246528282,0.9574876363743079
2.05,0.0009496,321,0.3815715518466758,0.921537573461256,0.2941480246528282,0.9574876363743079
2.05,0.0009631,322,0.3810711450662112,0.9220439138740152,0.2941480246528282,0.9574876363743079
2.03,0.0009489,323,0.3769227451091584,0.923681092346678,0.2941480246528282,0.9574876363743079
2.01,0.0009423,324,0.3744214852384242,0.9246957891590089,0.2941480246528282,0.9574876363743079
2.0,0.000944,325,0.371489803586071,0.926069974494444,0.2941480246528282,0.9574876363743079
1.98,0.0009584,326,0.3677004640945163,0.9280565443752704,0.2941480246528282,0.9574876363743079
1.97,0.0009513,327,0.3653880754000732,0.928951216912272,0.2941480246528282,0.9574876363743079
1.95,0.0009503,328,0.3625020015976865,0.9302088695966348,0.2941480246528282,0.9574876363743079
1.94,0.0009514,329,0.3604168786389315,0.9311482479008062,0.2941480246528282,0.9574876363743079
1.95,0.0009557,330,0.3618316098295853,0.9306099743974858,0.2941480246528282,0.9574876363743079
1.93,0.0009606,331,0.3571351940424954,0.932753519598164,0.2941480246528282,0.9574876363743079
1.93,0.0009718,332,0.3571949319900191,0.932938863296877,0.2941480246528282,0.9574876363743079
1.91,0.0009798,333,0.3545752860584986,0.9342177107520376,0.2941480246528282,0.9574876363743079
1.91,0.0009702,334,0.3547884162807298,0.9339456842378572,0.2941480246528282,0.9574876363743079
1.9,0.0009883,335,0.3522085811392204,0.93538357913895,0.2941121631785628,0.9575624912044066
1.91,0.0009835,336,0.3543336694238435,0.934390478418158,0.2941480246528282,0.9574876363743079
1.9,0.001002,337,0.3520880464146303,0.9356842202150932,0.29437214020297925,0.9575489177004841
1.89,0.0009954,338,0.3505191403551837,0.936231444560127,0.2943877588087834,0.9575310111844582
1.9,0.001001,339,0.3527868294084527,0.9353785313833506,0.29437214020297925,0.9575489177004841
1.91,0.001024,340,0.3544165089353835,0.9351082394347766,0.2943316642820235,0.9576032047067714
1.9,0.001024,341,0.3530620964875229,0.9356876637496636,0.2943316642820235,0.9576032047067714
1.92,0.001022,342,0.3563047275694077,0.9342705088131426,0.2943316642820235,0.9576032047067714
1.91,0.001022,343,0.3550977505450073,0.934792884588867,0.2943316642820235,0.9576032047067714
1.92,0.001038,344,0.3570318112562372,0.9342611910576768,0.29431552651154497,0.9576135430105066
1.94,0.001046,345,0.3609208347033142,0.9327543312178036,0.29431552651154497,0.9576135430105066
1.95,0.00105,346,0.3621617648391576,0.9322952938334208,0.29431552651154497,0.9576135430105066
1.95,0.001046,347,0.363406560263867,0.9316622783098532,0.29431552651154497,0.9576135430105066
1.98,0.001041,348,0.369076882698083,0.9290849003320292,0.29431552651154497,0.9576135430105066
1.99,0.001058,349,0.3711848817869315,0.928467052214054,0.29431552651154497,0.9576135430105066
2.0,0.001049,350,0.3730960317881531,0.9274493713318044,0.29431552651154497,0.9576135430105066
2.02,0.001046,351,0.3770482966318903,0.9255920951193412,0.29431552651154497,0.9576135430105066
2.03,0.001043,352,0.3780870668622363,0.925059667742142,0.29431552651154497,0.9576135430105066
2.04,0.001056,353,0.3807717743282863,0.9240890043991212,0.29431552651154497,0.9576135430105066
2.05,0.001041,354,0.3835552351648872,0.9224899093213438,0.29431552651154497,0.9576135430105066
2.07,0.001047,355,0.3861061414991301,0.9214239029836884,0.29431552651154497,0.9576135430105066
2.07,0.001043,356,0.3870647287356567,0.9208846544716716,0.29431552651154497,0.9576135430105066
2.08,0.00104,357,0.3893683324326534,0.9197393561095772,0.29431552651154497,0.9576135430105066
2.09,0.00102,358,0.3911756900058323,0.9184571547783532,0.29430947760106796,0.9576099649079832
2.09,0.001024,359,0.390256764956211,0.9189900483279,0.2943316642820235,0.9576032047067714
2.09,0.001006,360,0.3895311063719057,0.918952661284968,0.2943691065703435,0.9575604192930578
2.1,0.001017,361,0.3935383465114321,0.9172717356926928,0.2943957168712368,0.9575754292421604
2.1,0.001007,362,0.3921956397784863,0.9176988534342247,0.2943691065703435,0.9575604192930578
2.11,0.001006,363,0.3937212550757393,0.9169361016702244,0.2943691065703435,0.9575604192930578
2.1,0.001,364,0.3918524753768182,0.9177139777807196,0.29436968298927146,0.9575435349139437
2.1,0.0009759,365,0.3929562224675322,0.9166737494956498,0.2941480246528282,0.9574876363743079
2.08,0.0009734,366,0.3886407068143409,0.9186919004024384,0.2941480246528282,0.9574876363743079
2.08,0.0009693,367,0.3887481889618721,0.9185574511193966,0.2941480246528282,0.9574876363743079
2.07,0.0009751,368,0.3857504537179287,0.920100203607646,0.2941480246528282,0.9574876363743079
2.08,0.0009633,369,0.3874808702285758,0.9190349874947032,0.2941480246528282,0.9574876363743079
2.07,0.0009623,370,0.3854457528739199,0.9199768505784778,0.2941480246528282,0.9574876363743079
2.04,0.0009499,371,0.3797585050561076,0.9223900318409676,0.2941480246528282,0.9574876363743079
2.04,0.0009534,372,0.3791469673484132,0.9227454393406784,0.2941480246528282,0.9574876363743079
2.03,0.0009529,373,0.3777301026120905,0.9233849302083892,0.2941480246528282,0.9574876363743079
2.02,0.0009538,374,0.3748359844503686,0.9247352116962344,0.2941480246528282,0.9574876363743079
2.0,0.000953,375,0.3719365089826717,0.9260394942193892,0.2941480246528282,0.9574876363743079
1.98,0.0009564,376,0.3675730859284489,0.9280725331315188,0.2941480246528282,0.9574876363743079
1.98,0.0009605,377,0.367098550028907,0.9283718072365736,0.2941480246528282,0.9574876363743079
1.96,0.0009611,378,0.3628754500292461,0.930254685473254,0.2941480246528282,0.9574876363743079
1.96,0.0009561,379,0.3633444542567708,0.929950583610988,0.2941480246528282,0.9574876363743079
1.95,0.0009537,380,0.3607221368974771,0.9310580207978236,0.2941480246528282,0.9574876363743079
1.93,0.0009652,381,0.3574786829897284,0.9326928813089932,0.2941480246528282,0.9574876363743079
1.92,0.0009661,382,0.3565248681972208,0.933120100806303,0.2941480246528282,0.9574876363743079
1.92,0.0009729,383,0.3549955782641194,0.9339069363167726,0.2941480246528282,0.9574876363743079
1.9,0.0009688,384,0.3524493079464055,0.9349178575461262,0.2941480246528282,0.9574876363743079
1.9,0.0009822,385,0.352453087895743,0.9351663034054511,0.2941480246528282,0.9574876363743079
1.89,0.0009914,386,0.3510878868535346,0.9359187755666072,0.2941971392450885,0.9575481811564382
1.9,0.001005,387,0.3513074017321158,0.9360836013899964,0.2943691065703435,0.9575604192930578
1.9,0.001008,388,0.3532629271656269,0.9353104666235152,0.2943691065703435,0.9575604192930578
1.91,0.001004,389,0.3541445241655306,0.9348634497244076,0.2943691065703435,0.9575604192930578
1.9,0.001009,390,0.3533023198411225,0.935311757426724,0.2943643277155171,0.9575655635536028
1.9,0.001016,391,0.3527744513533987,0.935666509828544,0.294476936683314,0.9575416339430669
1.91,0.001025,392,0.3539833689676003,0.9353209694613932,0.2943316642820235,0.9576032047067714
1.93,0.001022,393,0.3575343995928318,0.9337549124726042,0.2943316642820235,0.9576032047067714
1.94,0.001034,394,0.3597127648774739,0.9330341385151572,0.29431552651154497,0.9576135430105066
1.93,0.001043,395,0.3591081953161342,0.9334732303278704,0.29431552651154497,0.9576135430105066
1.94,0.001034,396,0.3610278840627436,0.9324769990965254,0.29431552651154497,0.9576135430105066
1.97,0.00104,397,0.3669293298163469,0.930005165326818,0.29431552651154497,0.9576135430105066
1.97,0.001042,398,0.3661972157555043,0.9303712385488736,0.29431552651154497,0.9576135430105066
1.99,0.001044,399,0.3698155796231153,0.9288088949169986,0.29431552651154497,0.9576135430105066
1.99,0.001051,400,0.3711518055070193,0.9283524060736968,0.29431552651154497,0.9576135430105066
2.01,0.001047,401,0.3757448315207664,0.926192030261294,0.29431552651154497,0.9576135430105066
2.03,0.001044,402,0.3794928537511725,0.9244348965575048,0.29431552651154497,0.9576135430105066
2.06,0.001043,403,0.3846438866550632,0.9220167706621748,0.29431552651154497,0.9576135430105066
2.07,0.001048,404,0.3871755811093496,0.9209358289504224,0.29431552651154497,0.9576135430105066
2.08,0.001048,405,0.3881838228972439,0.9204777384943656,0.29431552651154497,0.9576135430105066
2.1,0.001031,406,0.3920739966906507,0.9182762537492136,0.29431552651154497,0.9576135430105066
2.11,0.00103,407,0.3956039501539669,0.9165588944518852,0.29431552651154497,0.9576135430105066
2.12,0.001034,408,0.3971796599488058,0.9158838290179256,0.29431552651154497,0.9576135430105066
2.13,0.00102,409,0.3979397457645304,0.915209407107242,0.29430947760106796,0.9576099649079832
2.14,0.001021,410,0.401221747440869,0.91361362202393,0.2943316642820235,0.9576032047067714
2.16,0.001008,411,0.4044494910689443,0.9117482250298428,0.2943691065703435,0.9575604192930578
2.17,0.0009971,412,0.4059564739755686,0.9107509654897904,0.2943877588087834,0.9575310111844582
2.17,0.001003,413,0.40732016089261,0.9102020986411172,0.2943691065703435,0.9575604192930578
2.17,0.0009961,414,0.4068818620913311,0.910264167759384,0.2943877588087834,0.9575310111844582
2.16,0.0009899,415,0.4045393752802804,0.9113006786756384,0.2941361703591621,0.957557886095233
2.16,0.0009858,416,0.4051703820648903,0.9108919587879326,0.2941480246528282,0.9574876363743079
2.17,0.0009636,417,0.4063719487695034,0.9098154400947264,0.2941480246528282,0.9574876363743079
2.16,0.0009754,418,0.4036589024208875,0.911417398952162,0.2941480246528282,0.9574876363743079
2.17,0.0009692,419,0.4067076634650804,0.909766892136182,0.2941480246528282,0.9574876363743079
2.16,0.0009652,420,0.4046671546073108,0.9106990399730048,0.2941480246528282,0.9574876363743079
2.15,0.0009574,421,0.4028808947221965,0.9114202486761472,0.2941480246528282,0.9574876363743079
2.14,0.0009514,422,0.4007925641270597,0.9123258675523964,0.2941480246528282,0.9574876363743079
2.13,0.0009511,423,0.3985312879859344,0.9134381031295546,0.2941480246528282,0.9574876363743079
2.14,0.00095,424,0.4001891157157356,0.912595136752848,0.2941480246528282,0.9574876363743079
2.12,0.0009463,425,0.3947843465349873,0.9151618623598494,0.2941480246528282,0.9574876363743079
2.13,0.0009551,426,0.3968724067833911,0.914321926414902,0.2941480246528282,0.9574876363743079
2.1,0.0009583,427,0.3926305582377274,0.9164559021055194,0.2941480246528282,0.9574876363743079
2.11,0.0009609,428,0.393066821294725,0.9163007723994744,0.2941480246528282,0.9574876363743079
2.1,0.0009504,429,0.3908016788258608,0.91717132451952,0.2941480246528282,0.9574876363743079
2.09,0.0009637,430,0.3901926925980237,0.9177449603286244,0.2941480246528282,0.9574876363743079
2.08,0.0009556,431,0.3876529489974495,0.918789040065179,0.2941480246528282,0.9574876363743079
2.08,0.0009612,432,0.3873178674481522,0.9190691948396508,0.2941480246528282,0.9574876363743079
2.08,0.0009711,433,0.3879015784517678,0.9189975840204446,0.2941480246528282,0.9574876363743079
2.09,0.0009776,434,0.3894873605668579,0.9183783717836908,0.2941480246528282,0.9574876363743079
2.08,0.0009847,435,0.3879513994023783,0.9192569472936684,0.2941480246528282,0.9574876363743079
2.08,0.0009818,436,0.388093857829558,0.9191296818800424,0.2941480246528282,0.9574876363743079
2.09,0.001004,437,0.3894779066354631,0.9189390801165448,0.2943691065703435,0.9575604192930578
2.09,0.001006,438,0.3907976991047646,0.9183413972604264,0.2943691065703435,0.9575604192930578
2.09,0.001004,439,0.3912026942587686,0.9181041613970572,0.2943691065703435,0.9575604192930578
2.1,0.001011,440,0.392444853849995,0.9176563766060772,0.2944195564096297,0.9575552923058096
2.1,0.001024,441,0.3936294072381142,0.9173758496446814,0.2943316642820235,0.9576032047067714
2.13,0.001017,442,0.3986751203557488,0.9147931418434588,0.2943957168712368,0.9575754292421604
2.14,0.001034,443,0.4001768502389515,0.9144060009741148,0.29431552651154497,0.9576135430105066
2.14,0.001043,444,0.4015130056431369,0.913955287412186,0.29431552651154497,0.9576135430105066
2.17,0.001046,445,0.407893008925232,0.9108567097120924,0.29431552651154497,0.9576135430105066
2.18,0.001035,446,0.4088303426367289,0.9101480110360984,0.29431552651154497,0.9576135430105066
2.2,0.001043,447,0.4131988183757751,0.9081328104177956,0.29431552651154497,0.9576135430105066
2.22,0.001043,448,0.4172300956305733,0.9060741283064938,0.29431552651154497,0.9576135430105066
2.23,0.001052,449,0.4191410981530568,0.9052935011611446,0.29431552651154497,0.9576135430105066
2.24,0.001055,450,0.4222648843199217,0.9037594506872744,0.29431552651154497,0.9576135430105066
2.26,0.001041,451,0.4255375969871045,0.9017174900296784,0.29431552651154497,0.9576135430105066
2.28,0.001044,452,0.429789444826825,0.8995519144261491,0.29431552651154497,0.9576135430105066
2.31,0.001046,453,0.4352243423763118,0.8966934948483117,0.29431552651154497,0.9576135430105066
2.32,0.001051,454,0.4373173537977983,0.8956887340301147,0.29431552651154497,0.9576135430105066
2.33,0.001037,455,0.4387774346140958,0.8945778124279723,0.29431552651154497,0.9576135430105066
2.34,0.001026,456,0.4415662798471715,0.8928072327564801,0.29433368058551584,0.9576043974076126
2.37,0.001023,457,0.4472933081954172,0.8895874327212239,0.2943316642820235,0.9576032047067714
2.37,0.001033,458,0.4482850779768263,0.889267578843778,0.29431552651154497,0.9576135430105066
2.38,0.001013,459,0.4503515092360745,0.8876450885063852,0.29445629399396667,0.9575462079827932
2.39,0.001024,460,0.4508045404376108,0.8876603598889775,0.2943316642820235,0.9576032047067714
2.39,0.001016,461,0.4522542066262485,0.8866545554914389,0.294476936683314,0.9575416339430669
2.42,0.0009967,462,0.4569935856082174,0.8835208521838503,0.2943877588087834,0.9575310111844582
2.42,0.0009877,463,0.4568122431134436,0.88341149742203,0.2941007001433095,0.9575054921799765
2.42,0.0009874,464,0.456623531941899,0.8835110498808579,0.2941007001433095,0.9575054921799765
2.42,0.0009888,465,0.4572993543550053,0.8831596796119626,0.2941121631785628,0.9575624912044066
2.42,0.0009836,466,0.4577722965829232,0.882765150063788,0.2941480246528282,0.9574876363743079
2.41,0.0009768,467,0.4559235730490064,0.8836595246398329,0.2941480246528282,0.9574876363743079
2.42,0.0009589,468,0.4567512175613346,0.882768152246232,0.2941480246528282,0.9574876363743079
2.41,0.0009596,469,0.4552486021808709,0.8836377466446185,0.2941480246528282,0.9574876363743079
2.42,0.0009533,470,0.455844312740821,0.8831523730464813,0.2941480246528282,0.9574876363743079
2.4,0.0009645,471,0.452410516013367,0.885358325592404,0.2941480246528282,0.9574876363743079
2.4,0.0009475,472,0.4527986399991375,0.8847421606532768,0.2941480246528282,0.9574876363743079
2.38,0.0009454,473,0.4486483901312636,0.8870259054421422,0.2941480246528282,0.9574876363743079
2.39,0.0009572,474,0.449816724996049,0.8866451329819127,0.2941480246528282,0.9574876363743079
2.38,0.0009551,475,0.4493292026407959,0.8868693568843242,0.2941480246528282,0.9574876363743079
2.37,0.0009573,476,0.4463630257412916,0.8885673065592096,0.2941480246528282,0.9574876363743079
2.35,0.0009463,477,0.4427624241650486,0.8903106413942519,0.2941480246528282,0.9574876363743079
2.35,0.0009458,478,0.4414113568116,0.8910361465848504,0.2941480246528282,0.9574876363743079
2.34,0.0009541,479,0.4399311438526529,0.8920358534775387,0.2941480246528282,0.9574876363743079
2.33,0.0009629,480,0.4389989558003716,0.8927443277524564,0.2941480246528282,0.9574876363743079
2.34,0.0009582,481,0.4399288597952042,0.8921312051292942,0.2941480246528282,0.9574876363743079
2.34,0.0009776,482,0.4414417594588816,0.8917453822003192,0.2941480246528282,0.9574876363743079
2.32,0.0009727,483,0.4374208855358261,0.893820328943089,0.2941480246528282,0.9574876363743079
2.33,0.0009875,484,0.4397789003465913,0.892878814847404,0.2941007001433095,0.9575054921799765
2.34,0.0009857,485,0.4402267666617912,0.8925925455199352,0.2941480246528282,0.9574876363743079
2.32,0.0009843,486,0.4376162616782564,0.8939814357934639,0.2941480246528282,0.9574876363743079
2.34,0.001,487,0.4411139445140417,0.892449879897197,0.29436968298927146,0.9575435349139437
2.33,0.001009,488,0.439540016129274,0.8934960159272495,0.2943643277155171,0.9575655635536028
2.34,0.001014,489,0.4410333244930649,0.892814225872227,0.29445629399396667,0.9575462079827932
2.36,0.001022,490,0.4448641889396185,0.890906249919162,0.2943316642820235,0.9576032047067714
2.37,0.001013,491,0.4468042153530647,0.8896115487375037,0.29445629399396667,0.9575462079827932
2.37,0.001036,492,0.4478690406133925,0.889559781166798,0.29431552651154497,0.9576135430105066
2.38,0.001035,493,0.4504986211233437,0.8880838264069866,0.29431552651154497,0.9576135430105066
2.41,0.001042,494,0.4551874405678733,0.8856308084090261,0.29431552651154497,0.9576135430105066
2.42,0.001046,495,0.458892746282559,0.8836173173600125,0.29431552651154497,0.9576135430105066
2.43,0.001049,496,0.4600771523553703,0.8830148834781776,0.29431552651154497,0.9576135430105066
2.45,0.001045,497,0.4630070405938197,0.8812587325587506,0.29431552651154497,0.9576135430105066
2.46,0.001049,498,0.4654515283327274,0.8799349248864688,0.29431552651154497,0.9576135430105066
2.48,0.001055,499,0.4700561225471849,0.8774131820760923,0.29431552651154497,0.9576135430105066
2.5,0.001043,500,0.4751575731038888,0.8741280626723317,0.29431552651154497,0.9576135430105066
2.51,0.001055,501,0.476059585794835,0.8738985997180723,0.29431552651154497,0.9576135430105066
2.53,0.001044,502,0.4801947184356563,0.871150202401975,0.29431552651154497,0.9576135430105066
2.54,0.001055,503,0.4825893067826641,0.8700126448182219,0.29431552651154497,0.9576135430105066
2.55,0.001047,504,0.4842011940397778,0.8688278353521746,0.29431552651154497,0.9576135430105066
2.56,0.001049,505,0.4856522982499841,0.867997695145556,0.29431552651154497,0.9576135430105066
2.57,0.00103,506,0.4891683746652513,0.8653870060744664,0.29431552651154497,0.9576135430105066
2.57,0.001037,507,0.4889530712019044,0.8656959749802244,0.29431552651154497,0.9576135430105066
2.59,0.001028,508,0.4927036125941669,0.8631566067553291,0.29431552651154497,0.9576135430105066
2.59,0.001013,509,0.4914354408835954,0.8635569848258927,0.29445629399396667,0.9575462079827932
2.6,0.001013,510,0.493691635972166,0.8621927664371539,0.29445629399396667,0.9575462079827932
2.6,0.001014,511,0.4945630733205061,0.8616784111549701,0.29445629399396667,0.9575462079827932
2.61,0.0009972,512,0.4952859373650147,0.8607980904939837,0.2943877588087834,0.9575310111844582
2.6,0.0009966,513,0.4933377277610887,0.8619837357388902,0.2943877588087834,0.9575310111844582
2.6,0.0009885,514,0.4944462814963986,0.8610964162901321,0.2941121631785628,0.9575624912044066
2.6,0.0009798,515,0.4937429409202443,0.8613188001467322,0.2941480246528282,0.9574876363743079
2.6,0.0009713,516,0.4931030348452126,0.8615030277681359,0.2941480246528282,0.9574876363743079
2.59,0.0009788,517,0.4922997285840402,0.862184867788385,0.2941480246528282,0.9574876363743079
2.58,0.0009687,518,0.4907154938976502,0.8629089410072631,0.2941480246528282,0.9574876363743079
2.58,0.0009661,519,0.4889805972335757,0.8639103236425631,0.2941480246528282,0.9574876363743079
2.56,0.0009677,520,0.4865292406549077,0.8654435904343246,0.2941480246528282,0.9574876363743079
2.55,0.0009573,521,0.4825232628081637,0.8676201244606965,0.2941480246528282,0.9574876363743079
2.54,0.0009552,522,0.4807040920206473,0.8686666677254292,0.2941480246528282,0.9574876363743079
2.52,0.0009592,523,0.478218131320386,0.8702506125752062,0.2941480246528282,0.9574876363743079
2.51,0.0009456,524,0.4740347521022927,0.8724175071591374,0.2941480246528282,0.9574876363743079
2.5,0.0009537,525,0.4740946557795451,0.8725737804971724,0.2941480246528282,0.9574876363743079
2.48,0.0009505,526,0.469980411491491,0.8749241206703511,0.2941480246528282,0.9574876363743079
2.48,0.0009497,527,0.4684942753463148,0.8757768496788914,0.2941480246528282,0.9574876363743079
2.46,0.0009493,528,0.4644491324378594,0.8781199549938354,0.2941480246528282,0.9574876363743079
2.45,0.0009542,529,0.4626992817246338,0.8792518269922593,0.2941480246528282,0.9574876363743079
2.44,0.000964,530,0.4619213128053128,0.8799316476723815,0.2941480246528282,0.9574876363743079
2.44,0.0009589,531,0.4599775802243219,0.8809281865177132,0.2941480246528282,0.9574876363743079
2.43,0.0009683,532,0.459027343733503,0.8816896045441421,0.2941480246528282,0.9574876363743079
2.42,0.0009802,533,0.4572821124982865,0.8829693919620498,0.2941480246528282,0.9574876363743079
2.41,0.0009856,534,0.4557393768792223,0.8839689027572718,0.2941480246528282,0.9574876363743079
2.41,0.0009769,535,0.454861127081422,0.8842581278102244,0.2941480246528282,0.9574876363743079
2.39,0.000997,536,0.4522399402270013,0.8862100865897232,0.2943877588087834,0.9575310111844582
2.39,0.0009869,537,0.4514225995856469,0.8864326230172719,0.29410835900742127,0.9575020564285438
2.4,0.000997,538,0.453139043057698,0.8857038570305287,0.2943877588087834,0.9575310111844582
2.4,0.001016,539,0.4545168530674766,0.8853819913019128,0.294476936683314,0.9575416339430669
2.4,0.001012,540,0.4535207224893324,0.8858417296205037,0.29445629399396667,0.9575462079827932
2.41,0.001013,541,0.4563631838392723,0.88426495055502,0.29445629399396667,0.9575462079827932
2.41,0.001024,542,0.4551523630790408,0.8852009367259128,0.2943316642820235,0.9576032047067714
2.42,0.001042,543,0.4582439887273238,0.8838882444191553,0.29431552651154497,0.9576135430105066
2.43,0.001046,544,0.460552646635774,0.8826753409086356,0.29431552651154497,0.9576135430105066
2.43,0.00105,545,0.4605998607041357,0.882738571518192,0.29431552651154497,0.9576135430105066
2.45,0.001037,546,0.4629660339151255,0.8810834082837905,0.29431552651154497,0.9576135430105066
2.47,0.001054,547,0.4684489597594752,0.8783331479079527,0.29431552651154497,0.9576135430105066
2.48,0.001045,548,0.4705211818336896,0.8769012738280199,0.29431552651154497,0.9576135430105066
2.48,0.001047,549,0.4703710899776054,0.8770313789141246,0.29431552651154497,0.9576135430105066
2.5,0.001049,550,0.4741623006011828,0.8748728934712319,0.29431552651154497,0.9576135430105066
2.51,0.001048,551,0.4757298210780633,0.8739127647438804,0.29431552651154497,0.9576135430105066
2.52,0.00104,552,0.4792168068349808,0.8716484415350474,0.29431552651154497,0.9576135430105066
2.54,0.001051,553,0.4827448348129755,0.8698122097292195,0.29431552651154497,0.9576135430105066
2.55,0.001051,554,0.4844600204794759,0.8687689504437954,0.29431552651154497,0.9576135430105066
2.55,0.001031,555,0.4848292011783323,0.8680366863028404,0.29431552651154497,0.9576135430105066
2.56,0.001041,556,0.4870260126046464,0.866971668933187,0.29431552651154497,0.9576135430105066
2.58,0.001024,557,0.4901008544048981,0.864670899757172,0.2943316642820235,0.9576032047067714
2.58,0.001024,558,0.4906378782995629,0.8643387772774663,0.2943316642820235,0.9576032047067714
2.59,0.001015,559,0.491970998352487,0.8632872648484539,0.29445629399396667,0.9575462079827932
2.6,0.001017,560,0.4952331292911603,0.8613374320957732,0.2943957168712368,0.9575754292421604
2.6,0.001018,561,0.4950171190582725,0.8614805685966179,0.2943957168712368,0.9575754292421604
2.59,0.001008,562,0.4929502735979457,0.862505214011828,0.2943691065703435,0.9575604192930578
2.6,0.0009927,563,0.4939370561108381,0.8615192110988059,0.294283232579596,0.9575215632093791
2.6,0.0009912,564,0.4940819049066914,0.8613921618097741,0.2941272972682085,0.9575612415688316
2.59,0.0009831,565,0.4912451878520102,0.8629402868353853,0.2941480246528282,0.9574876363743079
2.59,0.0009754,566,0.4925790600665659,0.8619273932871192,0.2941480246528282,0.9574876363743079
2.58,0.0009754,567,0.4907110732238087,0.8630775664305828,0.2941480246528282,0.9574876363743079
2.57,0.0009716,568,0.4873207885369155,0.8650571197910762,0.2941480246528282,0.9574876363743079
2.56,0.0009664,569,0.4853666520419257,0.8661192840333931,0.2941480246528282,0.9574876363743079
2.55,0.0009509,570,0.4838824451419993,0.8666454105573469,0.2941480246528282,0.9574876363743079
2.55,0.0009538,571,0.4843563860349211,0.8664268740552556,0.2941480246528282,0.9574876363743079
2.53,0.0009618,572,0.4802536598878661,0.8690942035042568,0.2941480246528282,0.9574876363743079
2.52,0.0009467,573,0.4776262714419006,0.8703093250663312,0.2941480246528282,0.9574876363743079
2.51,0.000946,574,0.4748027007521372,0.8719682856719999,0.2941480246528282,0.9574876363743079
2.49,0.0009423,575,0.4716826439389077,0.8737303160779742,0.2941480246528282,0.9574876363743079
2.48,0.0009561,576,0.4690052610913748,0.875630681783239,0.2941480246528282,0.9574876363743079
2.47,0.0009537,577,0.466068749882289,0.8772838764636159,0.2941480246528282,0.9574876363743079
2.46,0.0009529,578,0.4643008877685968,0.8782916070378852,0.2941480246528282,0.9574876363743079
2.45,0.0009597,579,0.4628390423809227,0.8793002824308204,0.2941480246528282,0.9574876363743079
2.43,0.0009556,580,0.4596525916431282,0.881036893633429,0.2941480246528282,0.9574876363743079
2.43,0.0009564,581,0.4584839935131795,0.8817227614801745,0.2941480246528282,0.9574876363743079
2.42,0.0009766,582,0.4580940826428925,0.8824198235734514,0.2941480246528282,0.9574876363743079
2.42,0.000969,583,0.4561745925982626,0.8833343693200425,0.2941480246528282,0.9574876363743079
2.41,0.0009863,584,0.4552711850879073,0.8842514423269401,0.29410835900742127,0.9575020564285438
2.41,0.0009884,585,0.4549650853424727,0.8844728062814015,0.2941121631785628,0.9575624912044066
2.41,0.0009963,586,0.4549133911598328,0.8846880248913168,0.2943877588087834,0.9575310111844582
2.4,0.000998,587,0.4524104700496268,0.8861375741753766,0.2943877588087834,0.9575310111844582
2.39,0.0009943,588,0.4521983628517438,0.8861689918246534,0.29423627317488366,0.957539596673991
2.4,0.001016,589,0.4530443932713654,0.8862065743138928,0.294476936683314,0.9575416339430669
2.41,0.001013,590,0.4558978194187803,0.8845330655527406,0.29445629399396667,0.9575462079827932
2.41,0.001024,591,0.4548949550857738,0.8853627085225211,0.2943316642820235,0.9576032047067714
2.41,0.001031,592,0.4553993316114451,0.8852466789193926,0.29431552651154497,0.9576135430105066
2.43,0.001036,593,0.4599584217859941,0.8827844478867407,0.29431552651154497,0.9576135430105066
2.44,0.001039,594,0.4615135411529947,0.8819479345462494,0.29431552651154497,0.9576135430105066
2.43,0.001036,595,0.4602565116514377,0.8825963154564713,0.29431552651154497,0.9576135430105066
2.44,0.001052,596,0.4624621271319193,0.8817401142636022,0.29431552651154497,0.9576135430105066
2.47,0.001046,597,0.4679322668197455,0.8784430832802693,0.29431552651154497,0.9576135430105066
2.47,0.001042,598,0.4690015348113039,0.8777140022662743,0.29431552651154497,0.9576135430105066
2.5,0.001053,599,0.4733980251690101,0.8754157117988379,0.29431552651154497,0.9576135430105066
2.51,0.001055,600,0.4757487212428741,0.874079626819444,0.29431552651154497,0.9576135430105066
